codigo_producto,nombre,descripcion_original,descripcion_mejorada,alias_propuestos,accion
110A18951,"MCCAIN SMILES: CROQUETAS DE PAPA 6 X 1,5 KG","Croquetas de papa congeladas con forma de caritas sonrientes, marca McCain.","Croquetas de papa en bolsa de 1,5 kg, marca McCain.",papas sonrisas|croquetas de papa|papas fritas,ACTUALIZAR
11009004,"PAPA CRINKLE CUT 4*2,5 MINUTO VERDE","Papas crinkle cut congeladas, marca Minuto Verde.","Papas crinkle cut congeladas de 4x2,5 cm, marca Minuto Verde, 1 kg.",papas fritas|papas crinkle|papas congeladas,ACTUALIZAR
11000509,"PAPA CRUNCH 10MM 4*2,5 MINUTO VERDE","Papas crunch congeladas de 10mm, marca Minuto Verde.","Papas pre fritas 10 mm en bolsa de 2,5 kg, marca Minuto Verde.",papas fritas|papas pre fritas|papas crunch,ACTUALIZAR
11000069,PAPA DUQUESA MINUTO VERDE 20X500,"Papas duquesas congeladas, marca Minuto Verde.","Papas duquesa congeladas en bolsa de 10 kg, marca Minuto Verde.",papas duquesa|papas fritas|papas congeladas,ACTUALIZAR
11000447,"PAPA DUQUESA MINUTO VERDE 4x2,5","Papas duquesas congeladas, marca Minuto Verde.","Papas duquesa pre-fritas en bolsa de 2,5 kg, marca Minuto Verde.",papas duquesas|papas fritas|papas pre-fritas,ACTUALIZAR
11009147,"PAPA GAJO 4X2,5KG MINUTO VERDE","Papas gajo congeladas de 4x2,5kg, marca Minuto Verde.","Papas gajo congeladas en bolsa de 2,5 kg, marca Minuto Verde.",papas gajo|papas fritas|papas congeladas,ACTUALIZAR
10001680,PAPA GAJO DOY PACK 16*700 M.VERDE,"Papas gajo en doy pack de 16*700g, marca Minuto Verde.","Papas gajo en doypack de 700 g, marca Minuto Verde.",papas gajo|papas fritas|papas en gajo,ACTUALIZAR
11000081,PAPA PRE FRITA 20X500 Minuto Verde,"Papas pre fritas congeladas de 20x500g, marca Minuto Verde.","Papas pre fritas en bolsa de 10 kg, marca Minuto Verde.",papas fritas|papas pre fritas|papas congeladas,ACTUALIZAR
11000706,PAPA PRE FRITA FINA 10*800 MV,"Papas pre fritas finas congeladas de 10*800g, marca Minuto Verde.","Papa pre frita fina en bolsa de 800 g, marca Minuto Verde.",papas fritas|papas pre fritas|papas finas,ACTUALIZAR
11000736,"PAPA PRE FRITA FINA 4*2,5 MV","Papas pre fritas finas congeladas de 4*2,5kg, marca Minuto Verde.","Papa pre frita fina en bolsa de 800 g, marca Minuto Verde.",papas fritas|papas pre fritas|papas finas,ACTUALIZAR
236211,"PAPAS CATERPAK CORTE CASERO 11MM 5X2,5 KG","Papas corte casero congeladas de 11mm, marca Caterpak.","Papas congeladas corte casero de 11 mm en bolsa de 2,5 kg, marca Caterpak.",papas|papas fritas|papas congeladas,ACTUALIZAR
1000010226,"PAPAS CATERPAK CORTE FINO 7MM 5X2,5 KG","Papas corte fino congeladas de 7mm, marca Caterpak.","Papas fritas corte fino 7 mm en bolsa de 2,5 kg, marca Caterpak.",papas fritas|papas|papas finas,ACTUALIZAR
236110,"PAPAS CATERPAK CORTE TRADICIONAL 10MM 5x2,5KG","Papas corte tradicional congeladas de 10mm, marca Caterpak.","Papas congeladas corte tradicional de 10 mm en bolsa de 5 kg, marca Caterpak.",papas fritas|papas congeladas|papas cortadas,ACTUALIZAR
P100080503,PAPAS COUNTRY FRIES CASERA 4x2.5KG 12MM,"Papas country fries congeladas de 12mm, marca Caterpak.","Papas country fries congeladas en bolsa de 2.5 kg, marca McCain.",papas fritas|papas congeladas|papas country,ACTUALIZAR
110A10641,PAPAS DUQUESAS MCCAIN 4 X 2.5 KG,"Papas duquesas congeladas, marca McCain.","Papas duquesas congeladas en bolsa de 2.5 kg, marca McCain.",papas duquesas|papas fritas|papas congeladas,ACTUALIZAR
110113101,"PAPAS MCCAIN CORTE CASERO 6X2,5 KG 12MM","Papas corte casero congeladas de 12mm, marca McCain.","Papas fritas corte casero en bolsa de 6 kg, marca McCain.",papas fritas|papas|papas corte casero,ACTUALIZAR
110A11121,"PAPAS MCCAIN CORTE FINO 8X2,25 KG 7MM","Papas corte fino congeladas de 7mm, marca McCain.","Papas pre-fritas corte fino de 7 mm en bolsa de 2,25 kg, marca McCain.",papas fritas|papas pre-fritas|papas corte fino,ACTUALIZAR
110111091,"PAPAS MCCAIN CORTE TRADICIONAL 6X2,5 KG 9MM","Papas corte tradicional congeladas de 9mm, marca McCain.","Papas fritas corte tradicional 9 mm en bolsa de 2,5 kg, marca McCain.",papas fritas|papas|fritas,ACTUALIZAR
1000006570,"PAPAS MCCAIN CRINKLE 5X2,5KG","Papas crinkle congeladas de 5x2,5kg, marca McCain.","Papas fritas crinkle congeladas en bolsa de 5 kg, marca McCain.",papas fritas|papas crinkle|papas congeladas,ACTUALIZAR
110A74011,"PAPAS MCCAIN FAST FOOD 8X2,25 KG 7MM","Papas fast food congeladas de 7mm, marca McCain.","Papas fritas McCain corte 7 mm en bolsa de 2,25 kg.",papas fritas|papas|papas a la francesa,ACTUALIZAR
1000007407,"PAPAS MCCAIN SURECRISP 6X2,5KG 9MM","Papas surecrisp congeladas en presentación de 6x2,5kg.","Papas fritas congeladas corte 9 mm en caja de 6 unidades de 2.5 kg, marca McCain.",papas fritas|papas|fritas,ACTUALIZAR
1000002889,"PAPAS ONE FRY CASERA 7X2,5KG 12MM","Papas caseras congeladas en presentación de 7x2,5kg.","Papas pre fritas en bolsa de 2,5 kg, marca One Fry.",papas fritas|papas|papas congeladas,ACTUALIZAR
1000002300,"PAPAS ONE FRY TRADICIONAL 6X2,5 KG 9MM","Papas tradicionales congeladas en presentación de 6x2,5kg.","Papas fritas congeladas corte tradicional de 9 mm, marca One Fry, 6 bolsas de 2,5 kg.",papas fritas|papas congeladas|papas|fritas,ACTUALIZAR
110074,ABASTERO VACUNO VACIO IMP,Abastero de vacuno en presentación de vacío.,Abastero vacuno importado al vacío de 1.5 kg.,carne de vacuno|carne importada|abastero,ACTUALIZAR
110079,ASADO CARNICERO VACUNO VACIO IMP,Asado carnicería de vacuno en presentación de vacío.,Asado carnicero vacuno importado al vacío de 2.8 kg.,asado|carne|vacuno,ACTUALIZAR
110009,ASIENTO VACUNO VACIO IMP,Asiento de vacuno en presentación de vacío.,"Asiento de vacuno vacío en formato de 1.5 kg, marca IMP.",asiento|vacuno|carne|corte,ACTUALIZAR
110198,BABY BACK RIBS IMP CONG.,Baby back ribs de cerdo congeladas.,"Costillas de cerdo baby back congeladas, marca importada.",costillas|costillas de cerdo|baby back,ACTUALIZAR
IN1040-00,CARNE MAGRA 90/10 CONG,Carne magra 90/10 congelada.,"Carne molida de res 90% magra y 10% grasa, congelada, marca San Martín.",carne molida|carne magra|carne picada,ACTUALIZAR
110003,CHOCLILLO VACUNO VACIO IMP (V),Choclillo de vacuno en presentación de vacío.,"Choclillo de vacuno al vacío de 1.6 kg, marca Friboi Black.",carne de vacuno|choclillo|vacuno|corte de carne,ACTUALIZAR
155963,CHULETA CENTRO 18 KG SADIA,Chuleta centro de vacuno marca Sadia.,"Chuleta de cerdo centro congelada de 18 kg, marca Sadia.",chuleta|corte de cerdo|carne de cerdo,ACTUALIZAR
D2001007,CHULETA CENTRO PORC. INDIVIDUAL 4KG,Chuleta centro individual de cerdo en presentación de 4kg.,"Chuleta de cerdo centro congelada en porciones individuales de 4 kg, marca no especificada.",chuleta|carne de cerdo|chuleta de cerdo,ACTUALIZAR
766523,CHULETA VETADA ENTERA SADIA 17KG,Chuleta vetada entera marca Sadia.,"Chuleta vetada de cerdo entera, marca Sadia, peso 17 kg.",chuleta|carne de cerdo|chuleta de cerdo,ACTUALIZAR
D2001008,CHULETA VETADA PORC. INDIVIDUAL 4KG,Chuleta vetada individual de cerdo en presentación de 4kg.,"Chuleta de cerdo vetada congelada de 4 kg, marca Cook & Fun.",chuleta|carne de cerdo|chuleta de cerdo,ACTUALIZAR
CI0455V1,COGOTE CONGELADOS ENV AL VACÍO PARAGUAYA,Cogote congelado envasado al vacío paraguayo.,"Cogote de vacuno congelado al vacío de origen paraguayo, 1 kg.",corte de carne|cogote|carne congelada,ACTUALIZAR
164148,COSTILLAR C/H SADIA 17 KG,Costillar con hueso marca Sadia.,"Costillar de cerdo con hueso, marca Sadia, 17 kg.",costillar|costilla|costillar de cerdo,ACTUALIZAR
3PTPIMP479,COSTILLAR DE CERDO TONNIES AL VACIO 10 KG,Costillar de cerdo Tonnies al vacío.,"Costillar de cerdo envasado al vacío de 10 kg, marca Tonnies.",costillar|cerdo|costilla,ACTUALIZAR
110068,FILETE VACUNO VACIO IMP,Filete de vacuno en presentación de vacío.,"Filete vacuno al vacío de 2.1 kg, marca IMP.",filete|carne|vacuno,ACTUALIZAR
110010,GANSO VACUNO VACIO IMP,Ganso de vacuno en presentación de vacío.,"Ganso vacuno al vacío de 1.9 kg, marca IMP.",ganso|carne de ganso|vacuno al vacío,ACTUALIZAR
110001,HUACHALOMO VACUNO VACIO IMP,Huachalomo de vacuno en presentación de vacío.,"Huachalomo vacuno al vacío de 1.5 kg, marca IMP.",huachalomo|carne de vacuno|carne al vacío,ACTUALIZAR
164152,LOMO DE CERDO S/H CONGELADO SADIA 18KG,Lomo de cerdo sin hueso congelado marca Sadia.,"Lomo de cerdo sin hueso y sin piel congelado de 18 kg, marca Sadia.",lomo de cerdo|lomo congelado|cerdo sin hueso,ACTUALIZAR
110069,LOMO LISO VACUNO VACIO IMP,"Lomo liso vacuno, corte fino, ideal para asados.","Lomo liso vacuno al vacío de 1 kg, marca IMP.",lomo|carne|vacuno,ACTUALIZAR
12010101,LOMO VETADO BR ENTERO V ENF,"Lomo vetado entero, ideal para asados y parrillas.","Lomo vetado entero envasado al vacío, marca BR.",lomo vetado|lomo|carne de res,ACTUALIZAR
110076,LOMO VETADO VACUNO VACIO IMP,"Lomo vetado vacuno, corte fino, ideal para asados.","Lomo vetado vacuno al vacío de 2 kg, marca Wagyu Beef.",lomo vetado|lomo|carne de vacuno,ACTUALIZAR
110272,LOMO VETADO VACUNO VACIO IMP,"Lomo vetado vacuno, corte fino, ideal para asados.","Lomo vetado vacuno al vacío de 2 kg, marca IMP.",lomo vetado|carne de res|lomo de res,ACTUALIZAR
110000,PLATEADA VACUNO VACIO IMP,"Plateada vacuno, ideal para guisos y cocciones largas.","Plateada de vacuno al vacío de 1.6 kg, marca Wagyu Beef.",plato|carne|vacuno|plata|corte,ACTUALIZAR
110070,POLLO GANSO VACUNO VACIO IMP,"Pollo ganso vacuno, ideal para asados y parrillas.","Carne de vacuno al vacío de 1.9 kg, marca Ganso.",carne|vacuno|ganso,ACTUALIZAR
110073,POSTA NEGRA VACUNO VACIO IMP,"Posta negra vacuno, ideal para guisos y cocciones largas.","Posta negra de vacuno vacío en corte de 1 kg, marca IMP.",posta|carne de vacuno|vacuno vacío,ACTUALIZAR
110077,POSTA PALETA VACUNO VACIO IMP,"Posta paleta vacuno, ideal para guisos y cocciones largas.","Posta paleta de vacuno en corte vacío, marca IMP.",posta|carne de vacuno|vacuno|corte de carne,ACTUALIZAR
110011,POSTA ROSADA VACUNO VACIO IMP,"Posta rosada vacuno, ideal para guisos y cocciones largas.","Posta rosada de vacuno en corte vacío, marca IMP.",posta|carne de vacuno|vacuno|carne,ACTUALIZAR
157797,PULPA DESHUESADA GRANEL 20 KG,"Pulpa deshuesada a granel, ideal para preparar diversas recetas.","Pulpa de cerdo deshuesada a granel en bolsa de 20 kg, marca Super Cerdo.",pulpa cerdo|carne cerdo|cerdo deshuesado,ACTUALIZAR
6EPOHC,PUNTA DE GANSO AL ACÍO ANGUS,"Punta de ganso al vacío Angus, ideal para asados.",Carne de vacuno punta de ganso Angus envasada al vacío de 2 kg.,punta de ganso|carne angus|vacuno al vacío,ACTUALIZAR
110004,PUNTA PALETA VACUNO VACIO IMP,"Punta paleta vacuno, ideal para guisos y cocciones largas.",Punta paleta de vacuno importada al vacío en formato de 3 kg.,carne de vacuno|punta paleta|vacuno al vacío,ACTUALIZAR
7EPAHC,PUNTA PALETA AL VACÍO ANGUS,"Punta paleta al vacío Angus, ideal para asados.",Carne de vacuno punta paleta Angus al vacío de 1.3 kg.,punta paleta|carne angus|carne al vacío,ACTUALIZAR
110071,PUNTA PICANA VACUNO VACIO IMP,"Punta picana vacuno, ideal para asados y parrillas.","Punta de picana vacuno al vacío de 1.3 kg, marca Friboi.",punta de picana|picana|vacuno,ACTUALIZAR
110266,PUNTA PICANA VACUNO VACIO IMP (V) PY,"Punta picana vacuno, ideal para asados y parrillas.",Punta picana de vacuno argentino al vacío de 1.4 kg.,punta picana|carne de vacuno|corte de carne,ACTUALIZAR
110078,SOBRECOSTILLA VACUNO VACIO IMP,"Sobrecostilla vacuno, ideal para guisos y cocciones largas.",Sobrecostilla de vacuno al vacío de 1.4 kg.,costilla|carne de vacuno|carne al vacío,ACTUALIZAR
110002,TAPAPECHO VACUNO VACIO IMP V,"Tapapecho vacuno, ideal para guisos y cocciones largas.","Tapapecho de vacuno vacío en pieza de 1 kg, marca IMP.",tapa|vacuno|carne|corte de carne,ACTUALIZAR
17954,ALBONDIGA 18 X 180 GRS FT FOODS,"Albóndigas de carne, 18 unidades de 180 gramos cada una.","Albondigas de carne en bolsa de 18 unidades de 180 g, marca FT Foods.",albóndigas|bolsa de albóndigas,ACTUALIZAR
S1010053,CARNE MECHADA VACUNO 2KG,"Carne mechada vacuno, 2 kg, lista para preparar.","Carne mechada de vacuno en bolsa de 2 kg, marca Ganso.",carne desmechada|carne mechada|carne de vacuno,ACTUALIZAR
200020MKC83833,CARNE MOLIDA RUPANCO 12x250grs,"Carne molida Rupancho, 12 paquetes de 250 gramos cada uno.","Carne molida en porciones de 250 grs, marca Rupanco, caja con 12 unidades.",carne molida|carne picada|molida,ACTUALIZAR
130331,CHURRASCO VACUNO LO VALLEDOR 39X90 GRS,Churrasco de vacuno en presentación de 39x90 gramos.,"Churrasco de vacuno en porciones de 90 g, marca Lo Valledor.",churrasco|carne de vacuno|lomo de vacuno,ACTUALIZAR
158385,HAMBURGUESA DE VACUNO TRAD SADIA 30X100 GRS,"Hamburguesa de vacuno tradicional, 30x100 gramos, marca Sadia.","Hamburguesa de vacuno en pack de 30 unidades de 100 g, marca Sadia.",hamburguesas|hamburguesa de carne|hamburguesa de vacuno,ACTUALIZAR
18182,MOLIDA VACUNO 15 X 500 GRS FT FOODS,Carne molida de vacuno en presentación de 15x500 gramos.,"Carne molida de vacuno 15% grasa en bolsa de 500 g, marca FT Foods.",carne molida|molida|carne picada,ACTUALIZAR
18372,MOLIDA VACUNO 8 X 1 KG FT FOODS,Carne molida de vacuno en presentación de 8x1 kilogramo.,"Carne molida de vacuno 8% grasa en paquete de 1 kg, marca FT Foods.",carne molida|molida|carne picada,ACTUALIZAR
115614,FILETE POLLO CUBOS COND CONG PQ 12x400G SD,"Filete de pollo en cubos, presentación de 12x400 gramos.",Cubos de pechuga de pollo cocidos y congelados en bolsa de 400 g.,cubitos de pollo|cubos de pechuga|pollo en cubos,ACTUALIZAR
143562,FILETE POLLO TIRAS COCIDO CONG 5x2 KG,"Filete de pollo en tiras cocido, presentación de 5x2 kilogramos.","Filete de pollo en tiritas cocido congelado, 5 bolsas de 2 kg cada una.",tiritas de pollo|pollo en tiritas|pollo cocido congelado,ACTUALIZAR
115347,FILETE POLLO TIRAS COND CONG PQ 12x400G SD,"Filete de pollo en tiras, presentación de 12x400 gramos.","Filete de pollo en tiritas congeladas de 400 g, marca Sadia.",tiras de pollo|pollo en tiritas|pollo congelado,ACTUALIZAR
771398,FILETE POLLO TIRAS CONG 3x2 KG,"Filete de pollo en tiras, presentación de 3x2 kilogramos.","Filete de pollo en tiritas congelado, 3 kg, marca Super Pollo.",tiritas de pollo|pollo en tiras|pollo congelado,ACTUALIZAR
770697,FILETITO DE POLLO IQF 12 X 1KG,Filetito de pollo IQF en presentación de 12x1 kilogramo.,"Filetito de pollo IQF deshuesado en bolsa de 1 kg, marca Super Pollo.",filetito|pollo|pechuga|filete,ACTUALIZAR
345583,PAVITA SADIA FAJA (UNIDAD),Pavita marca Sadia en presentación de unidad.,"Pavita de pollo congelada en unidad, marca Sadia.",pavita|pollo|filete de pollo,ACTUALIZAR
71515701,"PECHUGA POLLO DESHUESADA CONG 7,5X2 KG","Pechuga de pollo deshuesada, presentación de 7.5x2 kilogramos.","Pechuga de pollo deshuesada congelada en bolsa de 1.5 kg, marca Super Pollo.",pechuga de pollo|pollo deshuesado|pollo congelado,ACTUALIZAR
770642,PECHUGA S/H S/P POLLO IQF 12X1 KG,"Pechuga sin hueso y sin piel IQF, presentación de 12x1 kilogramo.","Pechuga de pollo sin hueso y sin piel congelada, formato IQF de 1 kg.",pollo|pechuga|filete de pollo,ACTUALIZAR
54164,"PECHUGA SIN HUESO SIN PIEL 2 X 4,5 KG",Pechuga sin hueso y sin piel en presentación de 2x4.5 kilogramos.,"Pechuga de pollo deshuesada y sin piel en bolsa de 9 kg, marca no especificada.",pechuga|pollo,ACTUALIZAR
5003139,"POLLO CONGELADO 1,9 - 2,1 KG",Pollo congelado en presentación de 1.9 a 2.1 kilogramos.,"Pollo congelado en trozos de 1,9 a 2,1 kg, marca no especificada.",pollo congelado|pollo en trozos|pollo a la bolsa,ACTUALIZAR
5003181,POLLO ENTERO SADIA,Pollo entero marca Sadia.,"Pollo entero congelado de 2 kg, marca Sadia.",pollo entero|pollo congelado,ACTUALIZAR
70011001,TRUTRO ALA CONG LP,Trutro de ala de pollo en presentación de unidad.,"Trutro de pollo congelado en formato de 800 g, marca Ariztía.",muslo de pollo|trutro|pollo congelado,ACTUALIZAR
770695,TRUTRO CORTO C/HP POLLO IQF 12X1 KG,"Trutro corto con hueso y piel IQF, presentación de 12x1 kilogramo.","Trutro corto de pollo marinado en bolsa de 1 kg, marca Ariztía.",trutro|muslo de pollo|pollo marinado,ACTUALIZAR
770638,TRUTRO CORTO C/HUESO C/PIEL IQF 12*1,"Trutro corto con hueso y piel IQF, presentación de 12x1 kilogramo.","Trutro corto de pollo con piel y hueso, congelado, marca IQF, 12 unidades de 1 kg.",trutro|muslo de pollo|pollo con piel|pollo corto,ACTUALIZAR
770641,TRUTRO ENTERO SADIA 15 KG,Trutro entero marca Sadia en presentación de 15 kilogramos.,"Trutro entero de pollo en bolsa de 15 kg, marca Sadia.",pollo entero|trutro|pollo|carne de pollo,ACTUALIZAR
770696,TRUTRO LARGO C/HP POLLO IQF 12X1 KG,"Trutro largo con hueso y piel IQF, presentación de 12x1 kilogramo.",Trutro largo de pollo IQF en caja de 12 unidades de 1 kg cada una.,pollo congelado|trutro de pollo|pollo IQF,ACTUALIZAR
143560,ALITAS DE POLLO CONG SAZONADAS 14 X 400G SD,"Alitas de pollo congeladas sazonadas, marca Sadia.","Alitas de pollo congeladas sazonadas en bolsa de 400 g, marca Sadia.",alitas|alitas de pollo|pollo sazonado,ACTUALIZAR
770186,ALITAS DE POLLO CONG SAZONADAS 3X2KG SD,"Alitas de pollo congeladas sazonadas en presentación de 3x2kg, marca Sadia.","Alitas de pollo congeladas sazonadas en bolsa de 2 kg, marca Sadia.",alitas|pollo|alitas de pollo,ACTUALIZAR
174535,ALITAS DE POLLO REB 3X2KG SD CL,"Alitas de pollo rebozadas congeladas, presentación de 3x2kg, marca Sadia.","Alitas de pollo rebozadas en bolsa de 3 x 2 kg, marca McCain.",alitas|alitas de pollo|pollo rebozado,ACTUALIZAR
174509,ALITAS DE POLLO REB PQ 14 X 400G SD CL,"Alitas de pollo rebozadas congeladas en presentación de 14x400g, marca Sadia.","Alitas de pollo rebozadas congeladas de 400 g, marca Sadia.",alitas|pollo rebozado|alitas rebozadas,ACTUALIZAR
54165,"FILETITO DE POLLO IQF 2 x 4,5KG","Filetito de pollo congelado IQF en presentación de 2x4.5kg, marca Sadia.","Filetito de pollo IQF deshuesado en bolsa de 4,5 kg, marca Super Pollo.",filetitos de pollo|pollo congelado|pechuga de pollo,ACTUALIZAR
424966,GOLDEN CHICKEN RBZ CONG 16X300 GR,"Pollo rebozado congelado en presentación de 16x300g, marca Sadia.","Tiritas de pollo rebozadas en bolsa de 300 g, marca Golden Chicken.",tiritas de pollo|pollo rebozado|pollo empanizado,ACTUALIZAR
424998,GOLDEN CHICKEN RBZ PICANTE 16X300GR,"Pollo rebozado picante congelado en presentación de 16x300g, marca Sadia.","Pechuga de pollo rebozada picante congelada en bolsa de 16 unidades de 300 gr, marca Sadia.",pollo empanizado|pollo rebozado|pollo picante|golden chicken,ACTUALIZAR
761080,MILANESA POLLO REB 3X3 KG,"Milanesa de pollo rebozada congelada en presentación de 3x3kg, marca Sadia.","Milanesa de pollo rebozada en bolsa de 3 kg, marca Reb.",milanesa|pollo empanizado|pollo rebozado,ACTUALIZAR
109144,NUGGETS CROCANTE DE POLLO SADIA 2X3 KG,"Nuggets de pollo crocantes congelados en presentación de 2x3kg, marca Sadia.","Nuggets de pollo rebozados y congelados, marca Sadia, presentación de 2x3 kg.",nuggets|nuggets de pollo|nuggets sadia,ACTUALIZAR
134053,NUGGETS DE POLLO CROCANTES 15X400 GR,"Nuggets de pollo crocantes congelados en presentación de 15x400g, marca Sadia.","Nuggets de pollo crocante congelados de 400 g, marca no especificada.",nuggets|nuggets de pollo|pollo crocante,ACTUALIZAR
134054,NUGGETS DE POLLO CROCANTES 16X275 GR,"Nuggets de pollo crocantes congelados en presentación de 16x275g, marca Sadia.","Nuggets de pollo crocante en bolsa de 275 g, marca no especificada.",nuggets|pollo crocante|nuggets de pollo,ACTUALIZAR
557352,PECHUGA DE POLLO REBOZADO 20X480G,"Pechuga de pollo rebozada congelada en presentación de 20x480g, marca Sadia.","Pechuga de pollo rebozada congelada en bolsa de 480 g, marca Sadia.",pollo rebozado|pechuga rebozada|pollo empanizado,ACTUALIZAR
557237,PECHUGAS DE POLLO REB. 2X3 KG,"Pechugas de pollo rebozadas congeladas en presentación de 2x3kg, marca Sadia.","Pechugas de pollo rebozadas en bolsa de 6 kg, marca no especificada.",pollo rebozado|pechugas rebozadas|pollo empanizado,ACTUALIZAR
754720,PECHUGAS DE POLLO REB. CONG TIRAS 12 X 300G SD CL,"Pechugas de pollo rebozadas congeladas en tiras, presentación de 12x300g, marca Sadia.","Tiritas de pollo rebozadas congeladas en bolsa de 300 g, marca Golden Chicken.",tiritas de pollo|pollo rebozado|pollo empanizado,ACTUALIZAR
392300,REBOZADO DE POLLO 45X100GR,"Rebozado de pollo congelado en presentación de 45x100g, marca Sadia.","Rebozado de pollo en bolsa de 100 g, marca Sadia.",rebozado|pollo rebozado|empanizado,ACTUALIZAR
150588,REBOZADO DE POLLO KIDS DINO 15X360G,"Rebozado de pollo kids en forma de dinosaurio, presentación de 15x360g, marca Sadia.","Nuggets de pollo rebozados en bolsa de 360 g, marca Sadia.",nuggets|nuggets de pollo|pollo rebozado,ACTUALIZAR
557336,SUPREMITAS DE POLLO REB 20x480 GRS,"Supremitas de pollo rebozadas congeladas en presentación de 20x480g, marca Sadia.","Supremitas de pollo rebozadas en bolsa de 480 g, marca Sadia.",supremitas|pollo apanado|pollo rebozado,ACTUALIZAR
347562,SUPREMITAS DE POLLO REB. 2X3 KG,"Supremitas de pollo rebozadas congeladas en presentación de 2x3kg, marca Sadia.","Supremitas de pollo rebozadas en bolsa de 6 kg, marca Sadia.",supremitas|pollo rebozado|pollo empanizado,ACTUALIZAR
11000609,ARANDANOS FOOD SERVICE 16x1,"Arándanos congelados en presentación de 16x1, marca Fruta y Pulpa.","Arándanos en formato food service de 16 unidades, marca no especificada.",arándanos|frutos rojos,ACTUALIZAR
P1700000,ARANDANOS IQF 10X1,"Arándanos congelados IQF en presentación de 10x1, marca Fruta y Pulpa.","Arándanos congelados IQF en bolsa de 1 kg, marca Minuto Verde.",arándanos congelados|fruta congelada|arándanos,ACTUALIZAR
200006FMCX2151,FRAMBUESA CRUMBLE 4x1 INTERAGRO,"Frambuesa crumble congelada en presentación de 4x1, marca Interagro.","Frambuesa crumble congelada en pack de 4 unidades, marca Interagro.",frambuesa congelada|crumble de frambuesa|frambuesa en tarrina,ACTUALIZAR
P15P00000,FRAMBUESA IQF 10X1 Mercafood,"Frambuesa IQF en presentación de 10x1, marca Mercafood.","Frambuesa entera congelada individualmente en bolsa de 1 kg, marca Mercafood.",frambuesa|fruta congelada,ACTUALIZAR
200006FMIQ2151,FRAMBUESA IQF 4x1 INTERAGRO,"Frambuesa IQF en presentación de 4x1, marca Interagro.","Frambuesa congelada IQF en bolsa de 1 kg, marca Interagro.",frambuesas|frutos rojos,ACTUALIZAR
200006FRPJ2154,FRUTILLA IQF 4x1 INTERAGRO,"Frutilla IQF en presentación de 4x1, marca Interagro.","Frutilla IQF en bolsa de 4 kg, marca Interagro.",frutilla congelada|frutilla|frutilla entera,ACTUALIZAR
11000429,JUGO DE LIMON 10X1 FOOD SERVICE,"Jugo de limón en presentación de 10x1, para food service.","Jugo de limón en polvo 10x1, marca Food Service.",jugo en polvo|jugo de limón,ACTUALIZAR
10000286,MANGO TROZO 10X1,Mango en trozo congelado en presentación de 10x1.,"Mango en trozos congelados en bolsa de 500 g, marca Minuto Verde.",mango congelado|trozos de mango|mango en bolsa,ACTUALIZAR
200006MWCM215,MIX FRUTOS ROJOS 4X1 INTERAGRO,"Mezcla de frutos rojos congelados en presentación de 4x1, marca Interagro.","Mix de frutas rojas congeladas en bolsa de 1 kg, marca Interagro.",mezcla de frutas|frutas congeladas|mix de frutas rojas,ACTUALIZAR
11000618,MORA IQF FOOD SERVICE 14X1,"Mora IQF en presentación de 14x1, para food service.","Moras congeladas IQF en bolsa de 1 kg, marca Cuisine & Co.",moras|frutos rojos|fruta congelada,ACTUALIZAR
10001421,PIÑA EN TROZO 26*500 MINUTO VERDE,"Piña en trozo congelada en presentación de 26*500, marca Minuto Verde.","Piña en trozos en bolsa de 500 g, marca Minuto Verde.",piña en trozos|trozos de piña|piña en bolsa,ACTUALIZAR
200006PUC6215,PULPA CHIRIMOYA C/ AZUCAR 4X1 INTERAGRO,"Pulpa de chirimoja con azúcar en presentación de 4x1, marca Interagro.","Pulpa de chirimoya con azúcar en envase de 4x1 kg, marca Interagro.",pulpa de chirimoya|pote de chirimoya|chirimoya en pote,ACTUALIZAR
200006PUFM215,PULPA FRAMBUESA C/ AZUCAR 4X1 INTERAGRO,"Pulpa de frambuesa con azúcar en presentación de 4x1, marca Interagro.","Pulpa de frambuesa con azúcar en envase de 1 kg, marca Interagro.",pulpa|frambuesa|pote de frambuesa,ACTUALIZAR
200006PUFR215,PULPA FRUTILLA C/ AZUCAR 4X1 INTERAGRO,"Pulpa de frutilla con azúcar en presentación de 4x1, marca Interagro.","Pulpa de frutilla con azúcar en caja de 4x1 kg, marca Interagro.",pulpa de frutilla|pulpas|frutilla en caja,ACTUALIZAR
10000443,PULPA 10X1 PIÑA FOOD SERVICE,"Pulpa de piña en presentación de 10x1, para food service.","Pulpa de piña en envase de 10 kg, marca Food Service.",pulpa de piña|piña en pulpa|pote de piña,ACTUALIZAR
10002068,PULPA 10X1 PIÑA LC 10 X1 KG,"Pulpa de piña en presentación de 10x1, marca LC.","Pulpa de piña congelada en bolsa de 1 kg, marca LC, caja de 10 unidades.",pulpa de piña|pulpa congelada|piña en bolsa,ACTUALIZAR
10001025,PULPA 10X1 ARANDANO FOOD SERVICE,"Pulpa de arándano en presentación de 10x1, para food service.","Pulpa de arándano congelada en bolsa de 1 kg, marca Food Service.",pulpas|pasta de arándano|arándano congelado,ACTUALIZAR
11000410,PULPA 10X1 CHIRIMOYA F/SERVICE,"Pulpa de chirimoja en presentación de 10x1, para food service.","Pulpa de chirimoya en bolsa de 10 unidades de 1 kg, marca Minuto Verde.",pulpa|chirimoya|pote de chirimoya,ACTUALIZAR
10000421,PULPA 10X1 FRAMBUESA F/SERVICE,"Pulpa de frambuesa en presentación de 10x1, para food service.","Pulpa de frambuesa en formato 10x1 de 500 g, marca Minuto Verde.",pulpa|pote de frambuesa|frambuesa congelada,ACTUALIZAR
10000424,PULPA 10X1 FRUTILLA FOOD SERVICE,"Pulpa de frutilla en presentación de 10x1, para food service.","Pulpa de frutilla en bolsa de 1 kg, formato food service.",pulpa|pasta de frutilla,ACTUALIZAR
11000396,PULPA 10X1 MANGO FOOD SERVICE,"Pulpa de mango en presentación de 10x1, para food service.","Pulpa de mango en bolsa de 10 kg, marca Minuto Verde.",pulpa|mango|pote de mango,ACTUALIZAR
11000395,PULPA 10X1 MARACUYA FOOD SERVICE,"Pulpa de maracuyá en presentación de 10x1, para food service.","Pulpa de maracuyá en envase de 1 kg, marca Minuto Verde.",pulpa|pasta de maracuyá|pote de maracuyá,ACTUALIZAR
11000682,PULPA CHIRIMOYA LC 10*1 KG,Pulpa de chirimoya congelada en presentación de 10x1 kg.,"Pulpa de chirimoya en bolsa de 1 kg, marca LC.",pulpa de chirimoya|chirimoya|pote de chirimoya,ACTUALIZAR
10002067,PULPA DE FRUTILLA LC 10*1KG,Pulpa de frutilla congelada en presentación de 10x1 kg.,"Pulpa de frutilla en bolsa de 1 kg, marca LC.",pasta de frutilla|puré de frutilla|frutilla congelada,ACTUALIZAR
P5800000,PULPA MELON TUNA CA 10X1 Mercafood,Pulpa de melón tuna congelada en presentación de 10x1 kg.,"Pulpa de melón congelada en caja de 10 unidades de 1 kg, marca Mercafood.",pulpa de melón|melón congelado|pulpa congelada,ACTUALIZAR
763043,BONELLA MANTEQUILLA POTE 12x500 GRS,"Mantequilla Bonella en pote de 500 g, presentación de 12 unidades.","Margarina vegetal en pote de 500 g, marca Bonella.",mantequilla|margarina|pote,ACTUALIZAR
763042,BONELLA ORIGINAL POTE 12x500 GRS,"Mantequilla Bonella Original en pote de 500 g, presentación de 12 unidades.","Margarina vegetal en pote de 500 g, marca Bonella.",margarina|pote de margarina|mantequilla vegetal,ACTUALIZAR
145770,DORINA REGULAR POTE 12x500 GRS 40%,"Mantequilla Dorina Regular en pote de 500 g, presentación de 12 unidades.","Margarina en pote de 500 g, marca Dorina, 40% de grasa.",margarina|pote de margarina|mantequilla vegetal,ACTUALIZAR
771773,MANTECA DE CERDO 18X1,Manteca de cerdo en presentación de 18x1 kg.,"Manteca de cerdo en presentación de 1 kg, marca no especificada.",manteca|grasa de cerdo,ACTUALIZAR
1017007,MANTEQUILLA PAN 250 GR HUILCO,Mantequilla Huilco en barra de 250 g.,"Mantequilla en barra de 250 g, marca Huilco.",mantequilla|manteca,ACTUALIZAR
345441,MARGARINA POTE DELINE 12X500 GR,"Margarina Deline en pote de 500 g, presentación de 12 unidades.","Margarina vegetal con sal en pote de 500 g, marca Deline.",margarina|manteca|pote de margarina,ACTUALIZAR
344485,MARGARINA POTE QUALY ORIGINAL 12X500 GR,"Margarina Qualy Original en pote de 500 g, presentación de 12 unidades.","Margarina sabor mantequilla en pote de 500 gr, marca Qualy.",margarina|mantequilla vegetal|pote de margarina,ACTUALIZAR
505364,MARGARINA QUALY C/SAL 24X250GR,"Margarina Qualy C/SAL en pote de 250 g, presentación de 24 unidades.","Margarina con sal en pote de 250 g, marca Qualy.",margarina|pote de margarina,ACTUALIZAR
648007,MARGARINA QUALY C/SAL 6X1 KG,"Margarina Qualy C/SAL en pote de 1 kg, presentación de 6 unidades.","Margarina con sal en pote de 1 kg, marca Qualy.",manteca|margarina,ACTUALIZAR
175278,MARGARINA QUALY SABOR MANTEQUILLA C/SAL 12X500 GR,"Margarina Qualy Sabor Mantequilla en pote de 500 g, presentación de 12 unidades.","Margarina sabor mantequilla en pote de 500 g, marca Qualy.",margarina|mantequilla untable|pote de margarina,ACTUALIZAR
360015,ACEITE MARAVITTA 5 LITROS,Aceite Maravitta en botella de 5 litros.,"Aceite de maravilla en bidón de 5 litros, marca Maravitta.",aceite de maravilla|aceite|bidón de aceite,ACTUALIZAR
360026,ACEITE MEGA-FRITO 10 LITROS,Aceite Mega-Frito en botella de 10 litros.,Aceite para fritura Mega-Frito en envase de 10 litros.,aceite|aceite de fritura|aceite para freír,ACTUALIZAR
68,CAMARON COCIDO PELADO 20X200GR,Camarón cocido pelado en presentación de 20x200 g.,"Camarón pequeño pelado cocido en bolsa de 200 g, marca El Golfo.",camarón|camarones|camarón pelado|camarón cocido,ACTUALIZAR
FS4013,CAMARON CRUDO C/CASCARA 36/40 (ECUADOR) 10X1KG,Camarón crudo con cáscara 36/40 en presentación de 10x1 kg.,"Camarón crudo con cáscara 36/40 en bolsa de 1 kg, marca SeaGarden.",camarón|camarones|marisco,ACTUALIZAR
1111,FILETE DE MERLUZA CON PIEL 16X500 GR,Filete de merluza con piel en presentación de 16x500 g.,"Filete de merluza con piel en bolsa de 500 g, marca Lider.",merluza|filete de merluza|pescado,ACTUALIZAR
294,HAMBURGUESA DE MERLUZA NATURAL IQF 50x100GR,Hamburguesa de merluza natural IQF en presentación de 50x100 g.,"Hamburguesa de merluza natural IQF de 100 g, marca no especificada.",hamburguesa de pescado|hamburguesa de merluza,ACTUALIZAR
521,HAMBURGUESA DE SALMON IQF 24*125GR,Hamburguesa de salmón IQF en presentación de 24x125 g.,"Hamburguesa de salmón IQF de 125 g, presentación en caja de 24 unidades.",hamburguesa de salmón|pasta de salmón|filete de salmón,ACTUALIZAR
FS2026,HAMBURGUESA NATURAL SALMON 54X90 GRS,"Hamburguesa de salmón natural, 54 unidades de 90 gramos.","Hamburguesa de salmón natural de 90 g, marca no especificada.",hamburguesa de salmón|hamburguesa de pescado,ACTUALIZAR
194,HAMBURGUESAS DORADAS DE MERLUZA 52X200GR,"Hamburguesas doradas de merluza, 52 unidades de 200 gramos.","Hamburguesas de merluza empanizadas y congeladas de 200 g, marca El Golfo.",hamburguesas de pescado|hamburguesas de merluza|hamburguesas congeladas,ACTUALIZAR
174,MERLUZA CROQUETA 60X100 GR,"Croquetas de merluza, 60 unidades de 100 gramos.","Croqueta de merluza congelada de 100 g, marca El Golfo.",croquetas|merluza|apanados,ACTUALIZAR
PB293,MERLUZA COMUN NUGGET APANADO IQF 10x1 KG,"Nuggets de merluza común apanados, 10 bolsas de 1 kg.","Nuggets de merluza apanados IQF en bolsa de 1 kg, marca no especificada.",nuggets de merluza|nuggets|merluza apanada,ACTUALIZAR
202,MERLUZA FILETE APANADO 16X500 GR,"Filete de merluza apanado, 16 unidades de 500 gramos.","Filete de merluza apanado congelado de 500 g, sin espinas, marca no especificada.",merluza apanada|filete apanado|filete de merluza,ACTUALIZAR
152,NUGGET DE MERLUZA APANADO 24X400 GR,"Nugget de merluza apanado, 24 unidades de 400 gramos.","Nuggets de merluza apanados en bolsa de 400 g, marca Friosur.",nuggets de merluza|nuggets apanados|nuggets,ACTUALIZAR
296,PECECITOS DE MERLUZA APANADOS 25X400GR,"Pececitos de merluza apanados, 25 unidades de 400 gramos.","Pececitos de merluza apanados en bolsa de 400 g, marca El Golfo.",pececitos|merluza apanada|merluza frita,ACTUALIZAR
102B,REINETA FILETE 16X500 GR,"Filete de reineta, 16 unidades de 500 gramos.",Filete de reineta sin piel en porciones de 500 g.,reineta|pescado|filete de pescado,ACTUALIZAR
308B,SALMON EN PORCIONES 20X500 GR,"Porciones de salmón, 20 unidades de 500 gramos.","Pescado congelado salmón en porciones de 500 g, marca El Golfo.",salmón|pescado|porciones de salmón,ACTUALIZAR
11009016,AROS DE CEBOLLA 10*1 MV,"Aros de cebolla, 10 bolsas de 1 kg.","Aros de cebolla congelados en bolsa de 1 kg, marca Minuto Verde.",aros de cebolla|aros de cebolla fritos|cebollitas fritas,ACTUALIZAR
11000602,ARROLLADO JAMON/QUESO 40G 2BX40UN,"Arrollado de jamón y queso, 40 gramos por unidad.","Arrollado de jamón y queso de 40 g, marca Minuto Verde, en bolsa de 10 unidades.",arrollado|rollito|pasta rellena,ACTUALIZAR
11000601,ARROLLADO PRIMAVERA 40G 2BX40UN,"Arrollado primavera, 40 gramos por unidad.","Arrollado primavera en bolsa de 40 g, marca Minuto Verde.",arrollado|pringles|bocadillo,ACTUALIZAR
656322,LASAGNA BOLOGNESA 12X350G,"Lasagna bolognesa, 12 unidades de 350 gramos.","Lasagna bolognesa en caja de 12 unidades de 350 g, marca Sadia.",lasagna|pasta|plato congelado,ACTUALIZAR
460972,LASAGNA BOLOGNESA 6X600,"Lasagna bolognesa, 6 unidades de 600 gramos.","Lasaña boloñesa en bandeja de 600 g, marca Sadia.",lasaña|plato preparado,ACTUALIZAR
460030,LASAGNA BOLOGNESA FAMILIAR 3X1.4,"Lasagna bolognesa familiar, 3 unidades de 1.4 kg.","Lasaña a la boloñesa congelada tamaño familiar de 1.4 kg, marca Sadia.",lasaña|plato preparado|lasaña familiar,ACTUALIZAR
460825,LASAGNA CREMA ESPINACA 6X600,"Lasagna de crema de espinaca, 6 unidades de 600 gramos.","Lasagna de crema de espinaca en bandeja de 600 g, marca no especificada.",lasagna|pasta|plato congelado,ACTUALIZAR
656310,LASAGNA MIX DE QUESO 12X350G,"Lasagna mix de queso, 12 unidades de 350 gramos.","Lasagna con mix de quesos en caja de 12 unidades de 350 g, marca Sadia.",lasagna|pasta|plato de pasta,ACTUALIZAR
461153,LASAGNA MIX QUESOS 6X600,"Lasagna mix de quesos, 6 unidades de 600 gramos.","Lasagna de mix de quesos en bandeja de 600 g, marca Sadia.",lasagna|pasta|plato congelado,ACTUALIZAR
460295,LASAGNA PECHUGA DE PAVO 6X600,"Lasagna de pechuga de pavo, 6 unidades de 600 gramos.","Lasagna congelada de pechuga de pavo en paquete de 600 g, marca Sadia.",lasagna|pasta|plato preparado,ACTUALIZAR
500162,PIZZA 4 QUESOS 12X460 GR,"Pizza 4 quesos, 12 unidades de 460 gramos.",Pizza 4 quesos en caja de 12 unidades de 460 g cada una.,pizza|pizzas|pizzas de 4 quesos,ACTUALIZAR
500163,PIZZA CHORIZO 12X460 GR,"Pizza con chorizo, lista para calentar y servir.","Pizza congelada con chorizo en caja de 460 g, marca La Española.",pizza|pizzas|pizza congelada,ACTUALIZAR
346497,PIZZA JAMON CHAMPIGNON 12X460 GR,"Pizza con jamón y champiñones, lista para calentar y servir.","Pizza congelada jamón y champiñones en caja de 460 g, marca Sadia.",pizza|pizzas|pizza congelada,ACTUALIZAR
346489,PIZZA MOZZARELLA 12X440 GR,"Pizza con mozzarella, lista para calentar y servir.","Pizza congelada con queso mozzarella en caja de 440 g, marca no especificada.",pizza|pizzas|pizzas congeladas,ACTUALIZAR
1021010,QUESO CHANCO LAMINADO 200 GRS HUILCO,"Queso chanco laminado de 200 gramos, ideal para sándwiches.","Queso Chanco laminado de 200 g, marca Huilco.",queso chanco|queso laminado,ACTUALIZAR
1021008,QUESO CHANCO LAMINADO 400 GRS HUILCO,"Queso chanco laminado de 400 gramos, ideal para sándwiches.","Queso chanco laminado de 400 g, marca Huilco.",queso|queso laminado|queso chanco,ACTUALIZAR
QC0001,QUESO CREMA 190 GRS CURIHUE,"Queso crema de 190 gramos, ideal para untar.","Queso crema untable natural en pote de 190 g, marca Curihue.",queso crema|queso untable|crema para untar,ACTUALIZAR
1034001,QUESO CREMA 190 GRS HUILCO,"Queso crema de 190 gramos, ideal para untar.","Queso crema en pote de 190 g, marca Huilco.",queso untable|queso para untar|queso crema,ACTUALIZAR
1034002,"QUESO CREMA BARRA 1,36KG HUILCO","Queso crema en barra de 1.36 kg, ideal para cocinar.","Queso crema barra de 1,36 kg, marca Huilco.",queso crema|queso en barra|crema de queso,ACTUALIZAR
1027038,QUESO GAUDA BARRA 3KG AMMERLAND,"Queso gauda en barra de 3 kg, ideal para rallar.","Queso Gouda en barra de 3 kg, marca Ammerländer, elaborado con leche pasteurizada.",queso gouda|barra de queso|queso en barra,ACTUALIZAR
1027013,QUESO GAUDA LAMINADO 250 GRS HUILCO,"Queso gauda laminado de 250 gramos, ideal para sándwiches.","Queso gauda laminado en bolsa de 250 g, marca Huilco.",queso laminado|queso gauda|queso en bolsa,ACTUALIZAR
1027003,QUESO GAUDA LAMINADO 400 GRS HUILCO,"Queso gauda laminado de 400 gramos, ideal para sándwiches.","Queso gauda laminado en paquete de 400 g, marca Huilco.",queso|queso laminado|queso gauda,ACTUALIZAR
1032043,QUESO MANTECOSO 250 GRS HUILCO,"Queso mantecoso laminado de 250 gramos, ideal para sándwiches.","Queso mantecoso envasado laminado de 250 g, marca Huilco.",queso mantecoso|queso laminado|queso en láminas,ACTUALIZAR
1032010,QUESO MANTECOSO 400 GRS HUILCO,"Queso mantecoso laminado de 400 gramos, ideal para sándwiches.","Queso mantecoso laminado de 400 g, marca Huilco.",queso|queso mantecoso|queso laminado,ACTUALIZAR
664659,"JAMON COCIDO DE CERDO 3,4 KG SADIA","Jamón cocido de cerdo de 3.4 kg, ideal para sándwiches.","Jamón cocido de cerdo en pieza de 3,4 kg, marca Sadia.",jamón|jamón cocido|jamón de cerdo,ACTUALIZAR
10000050,ARVEJA 10X200 MINUTITO VERDE,Arvejas congeladas en presentación de 10 bolsas de 200 gramos.,"Arvejas congeladas en bolsa de 200 g, marca Minuto Verde.",arvejas|guisantes,ACTUALIZAR
200001ARIQ6041,ARVEJA 10x200 INTERAGRO,Arvejas congeladas en presentación de 10 bolsas de 200 gramos.,"Arvejas en lata de 200 g, marca Interagro, paquete de 10 unidades.",arvejas|lata de arvejas|arvejas en conserva,ACTUALIZAR
200002ARIQ1881,ARVEJA 16*1 INTERAGRO,Arvejas congeladas en presentación de 16 bolsas.,"Arveja congelada en bolsa de 1 kg, marca Interagro.",arvejas|arveja congelada,ACTUALIZAR
10002100,ARVEJA 30*500 MINUTO VERDE,Arvejas congeladas en presentación de 30 bolsas de 500 gramos.,"Arvejas congeladas en bolsa de 500 g, marca Minuto Verde.",arvejas|porotos verdes,ACTUALIZAR
10000051,ARVEJA 30X200 MINUTO VERDE MINI,Arvejas congeladas en presentación de 30 bolsas de 200 gramos.,"Arvejas congeladas en bolsa de 200 g, marca Minuto Verde.",arvejas|arvejas congeladas|arvejas mini,ACTUALIZAR
10000070,CEBOLLA PICADA MINUTO VERDE 40X250,Cebolla picada congelada en presentación de 40 bolsas de 250 gramos.,"Cebolla picada congelada en bolsa de 250 gr, marca Minuto Verde.",cebolla congelada|cebolla picada|cebolla en bolsa,ACTUALIZAR
10001276,CHAMPINON LAMINADO M.VERDE 24*350,"Champiñones laminados congelados, marca Minuto Verde.","Champiñón laminado en lata de 350 g, marca Minuto Verde.",champiñones|lata de champiñones|champiñón enlatado,ACTUALIZAR
10000100,CHOCLO 10X200 MINUTITO VERDE,"Choclo congelado en presentación de 10x200, marca Minuto Verde.","Choclo en grano en bolsa de 2 kg, marca Minuto Verde.",choclo|maíz,ACTUALIZAR
10000103,CHOCLO 30X200 MINUTO VERDE,"Choclo congelado en presentación de 30x200, marca Minuto Verde.","Choclo en grano congelado, 30 bolsas de 200 g, marca Minuto Verde.",maíz|choclo|grano de choclo,ACTUALIZAR
10002101,CHOCLO 30X500 MINUTO VERDE 2101,"Choclo congelado en presentación de 30x500, marca Minuto Verde.","Choclo en grano congelado de 500 g, marca Minuto Verde.",choclo|grano de choclo|choclo congelado,ACTUALIZAR
200001CHGR6041,CHOCLO GRANO 10x200 INTERAGRO,"Choclo grano congelado en presentación de 10x200, marca Interagro.","Choclo congelado en grano 200 g, marca Interagro, paquete de 10 unidades.",choclo|grano|maíz,ACTUALIZAR
200002CHGR1881,CHOCLO GRANO 16*1 INTERAGRO,"Choclo grano congelado en presentación de 16x1, marca Interagro.","Choclo en grano congelado de 1 kg, marca Interagro.",choclo|grano de choclo|choclo congelado,ACTUALIZAR
10001409,CHOCLO TROCITO M/VERDE 20X4 UNI,"Choclo trocito congelado en presentación de 20x4, marca Minuto Verde.","Choclo en trocitos marca M Verde, presentación de 20 unidades de 4 oz.",choclo|maíz|trocitos de choclo,ACTUALIZAR
10009282,HABAS 10X200 MINUTITO VERDE,"Habas congeladas en presentación de 10x200, marca Minuto Verde.","Habas congeladas en bolsa de 200 g, marca Minuto Verde.",habas|habas congeladas,ACTUALIZAR
200001HBIQ6041,HABAS 10x200 INTERAGRO,"Habas congeladas en presentación de 10x200, marca Interagro.","Habas tiernas congeladas en bolsa de 200 g, marca Interagro.",habas|habas congeladas|habas tiernas,ACTUALIZAR
200002HBIQ1881,HABAS 16*1 INTERAGRO,"Habas congeladas en presentación de 16x1, marca Interagro.","Habas congeladas en bolsa de 1 kg, marca Interagro.",habas|habas congeladas,ACTUALIZAR
10000259,HABAS 30*200 MINUTITO VERDE,"Habas congeladas en presentación de 30x200, marca Minuto Verde.","Habas peladas congeladas en bolsa de 200 g, marca Minuto Verde.",habas|habas peladas|habas congeladas,ACTUALIZAR
10002102,HABAS 30*500 MINUTO VERDE,"Habas congeladas en presentación de 30x500, marca Minuto Verde.","Habas congeladas en bolsa de 500 g, marca Minuto Verde.",habas|verduras congeladas,ACTUALIZAR
10000275,HUMITAS 16*4 MINUTO VERDE,"Humitas congeladas en presentación de 16x4, marca Minuto Verde.","Humitas en bolsa de 4 unidades, marca Minuto Verde.",humitas|humita|pote de humitas,ACTUALIZAR
200001JAIQ6041,JARDINERA 10x200 INTERAGRO,"Jardinera congelada en presentación de 10x200, marca Interagro.","Ensalada jardinera congelada en bolsa de 200 g, marca Interagro.",ensalada|jardinera|verduras congeladas,ACTUALIZAR
10001947,MIX GRANADO 15X1 F/SERVICE,"Mezcla de verduras congeladas en presentación de 15x1, marca Minuto Verde.","Mezcla de porotos granados congelados en bolsa de 500 g, marca Minuto Verde.",porotos|mezcla de porotos|porotos congelados,ACTUALIZAR
10000399,P.VERDE C/F 10*150 MINUTITO,"Perejil cortado congelado en presentación de 10x150, marca Minuto Verde.","Poroto verde corte francés en bolsa de 150 g, marca Minutito.",poroto|porotos|frijoles verdes,ACTUALIZAR
10002105,P.VERDE C/F 24*350 M/VERDE,"Perejil cortado congelado en presentación de 24x350, marca Minuto Verde.","Poroto verde corte francés en bolsa de 350 g, marca Minuto Verde.",poroto|porotos|frijoles verdes,ACTUALIZAR
10000401,POROTO VERDE C/F 30X150 M/V,"Poroto verde cortado congelado en presentación de 30x150, marca Minuto Verde.","Poroto verde corte francés en bolsa de 150 g, marca Minuto Verde.",poroto|porotos|poroto verde,ACTUALIZAR
10000327,PRIMAVERA 10X200 MINUTITO VERDE,"Primavera congelada en presentación de 10x200, marca Minuto Verde.","Mix de verduras congeladas en bolsa de 200 g, marca Minuto Verde.",primavera de verduras|mezcla de verduras|verduras congeladas,ACTUALIZAR
10002103,PRIMAVERA 28*500 M/VERDE,"Primavera congelada en presentación de 28x500, marca Minuto Verde.","Ensalada de verduras en bolsa de 500 g, marca Primavera.",ensalada|mezcla de verduras|ensalada fresca,ACTUALIZAR
10000330,PRIMAVERA 30*200. MINI M/V,"Mezcla de verduras congeladas, ideal para guisos y salteados.",Mini arrollado de primavera marca Primavera en paquete de 30 unidades de 200 g.,arrollado|pringles|mini arrollado,ACTUALIZAR
11000310,PULPA DE PALTA 8X500 FOOD SERVICE IMP,"Pulpa de palta congelada, lista para usar en preparaciones.","Pulpa de palta en envase de 500 g, marca Food Service IMP.",pasta de palta|puré de palta|palta en pote,ACTUALIZAR
10001821,SOFRITO CON AJO M. VERDE 12X150,"Sofrito con ajo congelado, ideal para dar sabor a tus platos.","Sofrito con ajo en bolsa de 150 g, marca Minuto Verde.",sofrito|salsa de ajo,ACTUALIZAR
10001319,ZAPALLO CUBO MINUTO VERDE 20*500,"Zapallo en cubos congelado, perfecto para sopas y guisos.","Zapallo en cubos congelado de 500 g, marca Minuto Verde.",zapallo|cubos de zapallo|zapallo congelado,ACTUALIZAR
10001944,ARVEJA 15*1 KG,"Arvejas congeladas, ideales para acompañar platos y ensaladas.","Arvejas verdes partidas en bolsa de 1 kg, marca Cuisine & Co.",arvejas|arvejas partidas,ACTUALIZAR
10000063,BROCOLI 6X1 FOOD SERVICE IMP,"Brócoli congelado, listo para cocinar o agregar a tus platos.","Brócoli congelado en bolsa de 1 kg, marca Food Service IMP.",brócoli|brócoli congelado,ACTUALIZAR
11000427,CEBOLLA CUBO FOOD SERVICE 12X1 IMP,"Cebolla en cubos congelada, ideal para guisos y sofritos.","Cebolla en cubos congelada, marca Minuto Verde, presentación de 12 bolsas de 1 kg.",cebolla en cubos|cebolla congelada|cubos de cebolla,ACTUALIZAR
11000424,CHAMPIÑON EN TIRAS FOOD SERVICE 10X1 IMP,"Champiñón en tiras congelado, perfecto para salteados y pizzas.","Champiñón en tiras congelado en caja de 10 bolsas de 1 kg, marca Minuto Verde.",champiñón|setas|tiras de champiñón,ACTUALIZAR
10001933,CHAPSUI 9*1KG F/SERVICE,"Chapsui congelado, mezcla de verduras lista para cocinar.","Salteado chapsui congelado en bolsa de 1 kg, marca Frutos del Maipo.",chapsui|salteado|salteado de verduras,ACTUALIZAR
10001956,CHOCLO 16*1KG,"Choclo congelado, ideal para ensaladas y guisos.","Choclo congelado en bolsa de 1 kg, marca Frutos del Maipo.",maíz|choclo|mazorca,ACTUALIZAR
10000119,CHOCLO TROZO 12*1KG FOOD SERVICE,"Choclo en trozos congelado, perfecto para acompañar platos.","Choclo en trozos en bolsa de 12 unidades de 1 kg, marca Minuto Verde.",choclo|choclo en trozos|maíz,ACTUALIZAR
10000125,COLIFLOR 7*1KG,"Coliflor congelada, ideal para guisos y como acompañamiento.","Coliflor fresca en bolsa de 1 kg, marca no especificada.",coliflor|flor de col,ACTUALIZAR
10001946,ENS.LISTA 15*1KG,"Ensalada lista congelada, ideal para acompañar comidas.","Ensalada lista para servir en bolsa de 1 kg, marca ENS.",ensalada|mezcla de ensalada|ensalada lista,ACTUALIZAR
11000639,ESPARRAGO F. SERVICE L. 9X1,"Espárrago congelado, ideal para guarniciones y platos gourmet.","Espárragos en conserva de 350 g, marca La Crianza.",espárragos|espárragos en conserva|espárragos tiernos,ACTUALIZAR
11000434,ESPINACA FOOD SERVIDE 8X1 IMP.,"Espinaca congelada, ideal para sopas y guisos.","Espinaca congelada en bolsa de 1 kg, marca McCain.",espinaca|espinaca congelada|bolsa de espinaca,ACTUALIZAR
10001945,HABAS 15*1KG,"Habas congeladas, ideales para guisos y ensaladas.","Habas congeladas en bolsa de 1 kg, marca Minuto Verde.",habas|habas congeladas,ACTUALIZAR
10000262,HABAS PELADAS F/SERVICE 7X1,"Habas peladas congeladas, listas para cocinar y disfrutar.","Habas peladas en bolsa de 350 g, marca Frutos Del Maipo.",habas|frutos secos,ACTUALIZAR
10000273,HUMITAS 1*30 150 GRS F/SERVICE MINI,"Humitas congeladas, ideales para una comida rápida y deliciosa.","Humitas en bolsa de 150 g, formato mini, marca F/Service.",humitas|pasta de maíz,ACTUALIZAR
10001959,LENTEJA FOOD SERVICE 16*1,"Lentejas congeladas, ideales para guisos y ensaladas.","Lentejas negras en envase de 400 g, marca Suk.",lentejas|lentejas negras,ACTUALIZAR
10001948,P. GRANADO 15X1 LC F/SERVICE,"P. Granado congelado, ideal para guisos y acompañamientos.","Pote de helado sabor vainilla de 1.5 litros, marca Granado.",helado|pote,ACTUALIZAR
10001932,P.VERDE C/F 9*1KG F/S MINUTO VERDE,"Verduras congeladas cortadas, marca Minuto Verde.","Poroto verde extra fino en bolsa de 1 kg, marca Minuto Verde.",poroto|porotos|frijoles verdes,ACTUALIZAR
10000374,PASTA DE CHOCLO 10X1 CONDIMENT,"Pasta de choclo congelada, ideal para preparar platos.","Pasta de choclo 10x1 en formato de 1 kg, marca Condiment.",pasta de choclo|choclo|pasta,ACTUALIZAR
10000372,PASTA DE CHOCLO 7X1,"Pasta de choclo congelada, ideal para preparar platos.","Pasta de choclo en envase de 1 kg, marca Minuto Verde.",pasta de maíz|pasta de choclo|choclo molido,ACTUALIZAR
11000432,PIMENTON CUBO ROJO 12*1 DA,"Pimiento cubo rojo congelado, ideal para guisos.","Pimentón en cubo rojo de 12 unidades, marca DA.",pimentón|cubos de pimentón,ACTUALIZAR
10001938,ZAPALLO CUBO FOOD/SERVICE 13X1,"Zapallo cubo congelado, ideal para sopas y guisos.","Zapallo cubo envasado de 500 g, marca Multi Marca.",zapallo|zapallo en cubos|zapallo envasado,ACTUALIZAR
ST9275,DONUT GLASEADA CHOCOBOMBOM 36x60g,"Donut glaseada de chocolate, ideal para postres.","Donut glaseada sabor chocolate en bolsa de 36 unidades de 60 g, marca Chocobombom.",donut|donas|rosquilla,ACTUALIZAR
ST9213,DONUT GLASEADA DE FRESA 36x60g,"Donut glaseada de fresa, ideal para postres.","Donut glaseada de fresa de 60 g, marca no especificada.",rosquilla|donut|donas,ACTUALIZAR
ST9282,DONUT PREMIUM COOKIES&CREAM 36x75grs,"Donut premium de cookies & cream, ideal para postres.",Donut premium sabor cookies and cream en caja de 36 unidades de 75 grs.,donut|rosquilla|donas,ACTUALIZAR
ST9244,DONUTS RELLENA DE FRESA 36x70grs,"Donuts rellenas de fresa, ideales para postres.",Donut rellena de fresa en caja de 36 unidades de 70 grs cada una.,donuts|donas|donut,ACTUALIZAR
ST66168,MEGABITES CRANBERRIES 24x41grs,"Megabites de cranberries, ideales para snacks.","Snack de frutas deshidratadas sabor arándano en bolsa de 41 g, marca Megabites.",snack de arándano|fruta deshidratada|bocadito de cranberries,ACTUALIZAR
ST66151,MEGABITES EXOTIC 24x39grs,"Megabites exotic, ideales para snacks.","Galletas rellenas de chocolate sabor exótico en caja de 24 unidades de 39 g, marca Megabites.",galletitas|bocaditos|snacks,ACTUALIZAR
ST66182,MEGABITES MANJAR 24x39grs,"Megabites de manjar, ideales para snacks.","Galletas rellenas de manjar en presentación de 24 unidades de 39 grs, marca Megabites.",galletitas|bites|manjar|galletas de manjar,ACTUALIZAR
ST66175,MEGABITES NUTTY 24x41grs,"Megabites nutty, ideales para snacks.","Galletas rellenas de crema sabor chocolate en bolsa de 24 unidades de 41 grs, marca Savory.",galletitas|galletas|snack,ACTUALIZAR
ST58763,MUFFIN COOKIES & CREAM 12x90grs,"Muffin de cookies & cream, ideal para postres.","Muffin sabor cookies and cream en caja de 12 unidades de 90 grs, marca Savory.",muffin|panqueque|bizcocho,ACTUALIZAR
ST53768,MUFFINS BLUEBERRY 12x100grs,"Muffin de arándano, ideal para postres.","Muffins de arándano en caja de 12 unidades de 100 gr, marca no especificada.",muffins|panquecillos|pastelitos,ACTUALIZAR
12559496,BILZ Y PAP 28CL,Helado Bilz y Pap en formato de 28CL.,"Bebida sabor frutilla y piña en botella de 28 cl, marca Bilz y Pap.",bilz|pap|bebida frutal,ACTUALIZAR
12628676,CHOCOLITO Helado 20x80ml CL,Helado Chocolito en formato de 20x80ml.,"Helado de leche con cobertura sabor chocolate en pote de 80 ml, marca Savory.",helado|chocolito,ACTUALIZAR
12370209,COLA DE TIGRE 26X70ML NI CL,Helado Cola de Tigre en formato de 26x70ml.,"Helado de leche sabor vainilla y chocolate con cobertura de chocolate, marca Savory, formato 70 ml.",helado|pote|cucharita,ACTUALIZAR
12393729,CRAZY CHIRIMOYA ALEGRE 12X170 ML CL,Helado Crazy Chirimoya Alegre en formato de 12x170ml.,"Helado sabor chirimoya en porciones de 170 ml, marca Crazy Alegre.",helado|pote|porciones,ACTUALIZAR
12317444,CRAZY FLOCOS 12X170ML,Helado Crazy Flocos en formato de 12x170ml.,"Helado en paleta sabor chocolate y vainilla, marca Crazy Flocos, formato 170 ml.",helado|paleta|pote,ACTUALIZAR
12317902,CRAZY FRAMBUESA MERENGUE 12X170ML,"Helado de frambuesa con merengue, presentación de 12x170ml.","Helado de leche sabor frambuesa y crema con merengues en pote de 170 ml, marca Crazy.",helado|pote,ACTUALIZAR
12569333,CRAZY SANGURUCHO CHOCOLATE 24X125 ML,"Helado de chocolate en formato sangurucho, 24x125ml.",Helado Sangurucho sabor chocolate en caja de 24 unidades de 125 ml.,helado|sangurucho|pote|caja,ACTUALIZAR
12292621,CRAZY SANGURUCHO VAINILLA 24X125 ML,"Helado de vainilla en formato sangurucho, 24x125ml.","Helado Sangurucho sabor vainilla en multipack de 24 unidades de 125 ml, marca Savory.",sangurucho|helado|pote|caja,ACTUALIZAR
12035120,CROCANTY 20 X 90 ML,Helado crocanty en presentación de 20x90ml.,"Helado Crocanty en formato mini de 90 ml, presentación de 20 unidades.",helado|crocanty|mini helado|pote de helado,ACTUALIZAR
12294153,DANKY 21 18X125ML CL,"Helado sabor a nogatonga, 18x125ml.","Helado de leche sabor manjar con nueces y cobertura de chocolate, marca Danky, formato 125 ml.",helado|pote|tarrina,ACTUALIZAR
12294154,DANKY NOGATONGA 18X125ML CL,Helado nogatonga en presentación de 18x125ml.,"Helado de leche sabor manjar con nueces y cobertura chocolate, marca Danky, formato 125 ml.",helado|pote|mini helado,ACTUALIZAR
12316603,DANKY NOGATONGA MULTIPACK 12 (5X80ml),"Multipack de helado nogatonga, 12 (5x80ml).","Helado de leche con manjar y nueces en multipack de 5 unidades de 80 ml, marca Danky.",helado|pote|mini helado,ACTUALIZAR
12295105,DANKY SAHNE NUSS 18X125ML CL,"Helado sabor sahne nuss, 18x125ml.","Helado de leche sabor chocolate con almendras en caja de 18 unidades de 125 ml, marca Danky.",helado|pote|caja,ACTUALIZAR
12034915,EGOCENTRICO Helado 20x85ml,Helado egocéntrico en presentación de 20x85ml.,"Helado en pote de 85 ml, marca Egocéntrico.",pote de helado|helado individual,ACTUALIZAR
12559388,KIT KAT GOLD Hel Paleta Prm 16x85ml CL,Helado Kit Kat Gold en presentación de 16x85ml.,"Helado sabor chocolate con wafer en paleta de 85 ml, marca Kit Kat Gold.",paleta|helado|pote,ACTUALIZAR
12462115,KIT KAT HEL PALETA PREMIUM 16X85ml,Helado Kit Kat Premium en presentación de 16x85ml.,"Helado paleta sabor Kit Kat en formato de 85 ml, marca Savory.",helado|paleta|pote,ACTUALIZAR
12263770,KRIKO FRUTILLA 20X60 ML CL,Helado de frutilla en presentación de 20x60ml.,"Helado paleta sabor frutilla en caja de 20 unidades de 60 ml, marca Kriko.",paleta|helado|mini helado,ACTUALIZAR
12370206,LOLLY POP 1 NARANJA 20 X 90 ML,Helado de naranja en presentación de 20x90ml.,Helado Lolly Pop sabor naranja en multipack de 20 unidades de 90 ml.,helado|lolly pop|pote|multipack,ACTUALIZAR
12373400,LOLLY POP NARANJA MULTIPACK 12(5X60ml),"Multipack de helado de naranja, 12 (5x60ml).","Helado Lolly Pop sabor naranja en multipack de 12 unidades de 60 ml, marca Savory.",helado|lolly pop|pote|multipack,ACTUALIZAR
12345021,MEGA ALMENDRAS VAINILLA 16X 90ML,"Helado de almendras y vainilla, 16x90ml.","Helado de vainilla con almendras en pote de 90 ml, marca Mega.",helado|pote de helado|helado de vainilla|helado con almendras,ACTUALIZAR
12495499,MEGA Cookies&Cream Helado 16x90ml CL,"Helado de cookies y cream, 16x90ml.","Helado sabor cookies and cream en tarrina de 90 ml, marca Mega.",helado|tarrina|postre,ACTUALIZAR
12319674,MEGA FRAMBUESA 16X90 ML,Helado de frambuesa en presentación de 16x90ml.,"Helado de leche sabor frambuesa en caja de 16 unidades de 90 ml, marca Mega.",helado|pote|caja,ACTUALIZAR
12316606,MEGA FRAMBUESA HEL MINI MULTIPACK 12 (5X60ml),"Mini multipack de helado de frambuesa, 12 (5x60ml).","Helado sabor frambuesa en multipack de 5 unidades de 60 ml, marca Mega.",helado|pote|mini helado|frambuesa,ACTUALIZAR
12593901,MEGA HEL ALMENDRAS MINI MP12 (5X60ML),"Mini multipack de helado de almendras, 12 (5x60ml).","Helado de leche sabor vainilla con chocolate y almendras en mini tarrinas de 60 ml, marca Savory.",helado|mini helado|tarrina de helado,ACTUALIZAR
12628844,MEGA HeladoChocolateAvellanas 16x90ml CL,"Helado de chocolate y avellanas, 16x90ml.","Helado sabor chocolate y avellana en pote de 90 ml, marca Mega.",pote|helado|postre,ACTUALIZAR
12319791,MEGA SAHNE NUSS 16X90 ML,"Helado de paleta sabor avellana, marca Mega Sahne Nuss.","Helado de leche sabor chocolate en paleta de 90 ml, marca Sahne Nuss.",helado|paleta|pote,ACTUALIZAR
12383496,MINI KRIKO Hel MP12(6x50ml)CL,"Helado de paleta sabor variado, marca Mini Kriko.",Helado de leche sabor frutilla con mostacillas en multipack de 6 unidades de 50 ml.,helado|mini kriko|pote de helado,ACTUALIZAR
12422311,PURA FRUTA FRAMBUESA 20X75 ML CL,"Helado de paleta sabor frambuesa, marca Pura Fruta.","Helado de agua sabor frambuesa en multipack de 20 unidades de 75 ml, marca Pura Fruta.",helado|pote|frambuesa,ACTUALIZAR
12422312,PURA FRUTA MANGO 20X75 ML CL,"Helado de paleta sabor mango, marca Pura Fruta.","Helado de fruta sabor mango en caja de 20 unidades de 75 ml, marca Pura Fruta.",helado|paleta|pote,ACTUALIZAR
12316605,SAHNE NUSS MINI PALETA MULTIPACK 12(5X60ml),"Helado de paleta mini sabor avellana, marca Sahne Nuss.","Helado de leche sabor chocolate en paleta mini, pack de 5 unidades de 60 ml, marca Sahne Nuss.",helado|paleta|mini helado|pote de helado,ACTUALIZAR
12611300,SAVORY CENTELLA Galactea Hel 26x37.6g CL,"Helado de paleta sabor centella, marca Savory.","Helado sabor galactea en pote de 37.6 g, marca Savory Centella.",helado|pote,ACTUALIZAR
12579266,SAVORY CENTELLA Hel Mz Lm 26x52g CL,"Helado de paleta sabor centella, marca Savory.","Helado de agua sabor manzana-limón en bolsa de 26 unidades de 52 g, marca Savory.",helado|pote|bolsa,ACTUALIZAR
12023357,SAVORY CHOCOLITO Hel MiniMP16(10x50ml)CL,"Helado de paleta sabor chocolate, marca Savory.","Helado de leche con cobertura sabor chocolate en multipack de 10 unidades de 50 ml, marca Savory.",helado|pote|mini helado|chocolito,ACTUALIZAR
12219159,SAVORY CROCANTY Hel MiniMP16(8x50ml)CL,"Helado de paleta sabor crocanty, marca Savory.","Helado sabor vainilla con cobertura de chocolate en multipack de 8 unidades de 50 ml, marca Savory.",helado|crocanty|mini helado|pote de helado,ACTUALIZAR
12498965,SAVORY Centella Sabores MP 1(21x52ml),"Helado de paleta con sabores variados, marca Savory.","Helado de agua sabor manzana-limón en pote de 52 ml, marca Savory Centella.",helado|pote|sabores,ACTUALIZAR
12629800,SAVORY Colores Hel FrutosRojos26x65mlCL,"Helado de paleta sabor frutos rojos, marca Savory.","Helado de frutas rojas en palito de 65 ml, marca Savory, caja de 26 unidades.",helado|palito|frutilla|frutos rojos,ACTUALIZAR
12629915,SAVORY Colores Hel Manzana 26x65ml CL,"Helado de paleta sabor manzana, marca Savory.","Helado sabor manzana en tarrina de 65 ml, marca Savory.",helado|pote|tarrina,ACTUALIZAR
12629889,SAVORY Colores Helados Pina 26x65ml CL,"Helado de paleta sabor piña, marca Savory.","Helado de agua sabor piña en formato de 26 unidades de 65 ml, marca Savory.",helado|pote|cassata,ACTUALIZAR
12602492,SAVORY HELADO PALETA TRENCITO 16X70 ml CL,"Helado de paleta sabor trencito, marca Savory.","Helado paleta sabor chocolate en formato de 70 ml, marca Savory.",paleta|helado|pote,ACTUALIZAR
12628855,SAVORY Helado Fini 24x70ml CL,"Helado de paleta sabor fini, marca Savory.","Helado sabor frutilla en tubo de 70 ml, marca Savory.",helaíto|helado|tubo,ACTUALIZAR
12517860,SAVORY TRITON PALETA 16X80 ml CL,"Helado de paleta sabor triton, marca Savory.","Helado en paleta sabor tritón de 80 ml, marca Savory, presentación de 16 unidades.",paleta|helado|pote,ACTUALIZAR
12589516,SAVORY TRULULU Hel Mini MP 16(10x50ml)CL,"Helado de paleta mini sabor variado, marca Savory.","Helado sabor chocolate con naranja en multipack de 10 unidades de 50 ml, marca Savory.",helado|pote|postre|paleta,ACTUALIZAR
12599674,SAVORY XPLORI HEL K-LOV 20X62G CL,"Helado de paleta sabor variado, marca Savory.","Helado de agua sabor frutos rojos y durazno cubierto de chocolate, marca Savory.",helado|pote|tarrina,ACTUALIZAR
12094971,SUPER TRULULU 26 X 70 ML,"Helado de paleta sabor variado, marca Super Trululu.","Helado sabor chocolate en pote de 70 ml, marca Savory Trululu.",helado|pote|tarrina,ACTUALIZAR
12628885,Savory Helado Cono Trencito 18x80ml CL,"Helado de cono sabor trencito, marca Savory.","Helado de chocolate en cono de 80 ml, marca Savory, presentación de 18 unidades.",cono|helado|pote,ACTUALIZAR
12572647,BOTE CAFE HELADO 4.8 CL,Helado de café en pote de 4.8 litros.,"Helado sabor café en pote de 4.8 litros, marca San Francisco.",helado|pote|café,ACTUALIZAR
12161632,BOTE CHIRIMOYA ALEGRE,Helado de chirimoya en pote de 4.8 litros.,"Helado sabor chirimoya en pote de 1 L, marca Savory.",helado|pote|chirimoya,ACTUALIZAR
12133140,BOTE CHOCOLATE,Helado de chocolate en pote de 4.8 litros.,"Bote de chocolate con crema de avellanas de 400 g, marca Dulce Locura.",bote|tarro|crema de chocolate,ACTUALIZAR
12133129,BOTE CHOCOLATE SUIZO,Helado chocolate suizo en pote de 4.8 litros.,"Helado sabor chocolate suizo en bote de 1 L, marca Savory.",helado|bote|tarrina,ACTUALIZAR
12132731,BOTE CREMERIA SANHE NUSS,Helado cremería Sanhe Nuss en pote de 4.8 litros.,"Helado sabor cassata en pote de 900 ml, marca La Cremería.",helado|pote|crema|postre,ACTUALIZAR
12132734,BOTE CREMERIA TRES LECHE,Helado cremería tres leches en pote de 4.8 litros.,"Helado sabor tres leches en bote de 1 L, marca La Cremería.",bote|helado|crema|postre,ACTUALIZAR
12132728,BOTE FRUTILLA CREMA,Helado de frutilla crema en pote de 4.8 litros.,"Crema de manos sabor frutilla en pote de 200 ml, marca Suavida.",crema|crema de manos|pote de crema,ACTUALIZAR
12534557,"BOTE MANGO MARACUYA 4,8L CL",Helado de mango maracuyá en pote de 4.8 litros.,"Bebida sabor mango y maracuyá en bote de 4,8 litros.",bote|bebida|jugo,ACTUALIZAR
12132730,BOTE PASAS AL RON,Helado de pasas al ron en pote de 4.8 litros.,"Helado sabor pasas al ron en bote de 1 L, marca Savory.",helado|bote|cassata,ACTUALIZAR
12133127,BOTE PISTACHO,Helado de pistacho en pote de 4.8 litros.,"Bote de felpa color pistacho, sofá de una plaza.",sofá|bote|sillón,ACTUALIZAR
12192064,BOTE PIÑA,Helado de piña en pote de 4.8 litros.,"Piña en trozos en bote de 400 g, marca Del Monte.",piña en conserva|piña en trozos|piña en bote,ACTUALIZAR
12133128,BOTE VAINILLA,Helado de vainilla en pote de 4.8 litros.,"Saborizante de vainilla con extracto natural en botella de 120 ml, marca La Anita.",saborizante|extracto de vainilla|vainilla líquida,ACTUALIZAR
12616158,Bote Helado Banana Split 4.8L CL,Helado banana split en pote de 4.8 litros.,"Helado sabor banana split en pote de 4.8 litros, marca CL.",helado|pote,ACTUALIZAR
12616196,Bote Helado Centella 4.8L CL,Helado centella en pote de 4.8 litros.,"Helado en pote de 4.8 litros, marca Centella.",pote de helado|helado|tarrina de helado,ACTUALIZAR
12182331,ALMENDRADO,Helado almendrado en formato hogar.,"Postre helado sabor vainilla y chocolate con crocantes de almendras, marca Carte D'or.",helado almendrado|postre almendrado|caja de helado,ACTUALIZAR
12018554,CASSATA BRICK 6X1.000 CC,Helado cassata en formato hogar de 6x1.000 cc.,Helado sabor cassata en brick de 6 x 1.000 cc.,helado|caja de helado|pote de helado,ACTUALIZAR
12510391,"CHAMONIX HELADO TRISABOR 4 X 2,5 L",Helado trisabor en formato hogar de 4x2.5 litros.,"Helado trisabor de chocolate, frutilla y vainilla en pote de 2,5 L, marca Chamonix.",helado|pote|tarrina,ACTUALIZAR
12629782,CHAMONIX Hel Chirimoya Alegre 4x2.5L CL,Helado chirimoya alegre en formato hogar de 4x2.5 litros.,"Helado sabor chirimoya en pote de 2.5 litros, marca Chamonix.",helado|pote|chirimoya,ACTUALIZAR
12562412,CHAMONIX Hel ChocManj FlanVain 4x2.5L CL,Helado flan vainilla en formato hogar de 4x2.5 litros.,"Helado de chocolate, manjar y flan de vainilla en pote de 2.5 L, marca Chamonix.",helado|pote,ACTUALIZAR
12510386,"CHAMONIX Helado Piña 4x2,5L N3 CL",Helado de piña en formato hogar de 4x2.5 litros.,"Helado sabor piña en pote de 2,5 L, marca Chamonix.",helado de piña|pote de helado|helado chamonix,ACTUALIZAR
12562288,CHAMONIX helado Tres Leches Chocolate 4x2.5 LCL,Helado tres leches chocolate en presentación de 4 litros.,"Helado sabor tres leches y chocolate en pote de 2.5 L, marca Chamonix.",helado|pote|tarrina,ACTUALIZAR
12629166,CHARLOT COLA DE TIGRE Helado 6x1L CL,Helado cola de tigre en presentación de 6 litros.,"Helado de leche sabor vainilla y chocolate en caja de 6x1L, marca Charlot.",helado|pote|caja,ACTUALIZAR
12114481,CHARLOT SANHE NUSS 6X1 CL,Helado sanhe nuss en presentación de 6 litros.,"Postre helado sabor chocolate con nueces en caja de 6 unidades, marca Charlot.",helado|postre|pote,ACTUALIZAR
12114459,CHARLOT TRES LECHE 6X1,Helado tres leche en presentación de 6 litros.,"Postre helado sabor tres leches en pote de 1 L, marca Charlot.",helado|postre|pote,ACTUALIZAR
12114456,CHARLOT VAINILLA 6X1.000 CC,Helado vainilla en presentación de 6 litros.,"Postre helado sabor vainilla en pote de 1 L, marca Charlot.",helado|postre|pote,ACTUALIZAR
12298926,CHOMP HELADO FRAMBUESA 8X225ML CL,Helado frambuesa en presentación de 8 x 225 ml.,"Helado de leche sabor frambuesa en pote de 225 ml, marca Chomp.",helado|pote|postre,ACTUALIZAR
12628742,CHOMP Helado Pistacho 8x225ml CL,Helado pistacho en presentación de 8 x 225 ml.,"Helado sabor pistacho en pote de 225 ml, marca Chomp de Savory.",helado|pote|postre,ACTUALIZAR
12299009,CHOMP SAHNE NUSS 8 X 225 ML CL,Helado sahne nuss en presentación de 8 x 225 ml.,"Postre helado sabor chocolate con nueces en pote de 225 ml, marca Sahne Nuss.",helado|postre|bombón|pote,ACTUALIZAR
12602475,DELTA Mega Almendras 6x650ml CL,Helado mega almendras en presentación de 6 x 650 ml.,"Postre helado sabor almendras en pote de 650 ml, marca Delta.",helado|postre|pote,ACTUALIZAR
12538214,DELTA Mega Frambuesa 6x650ml CL,Helado mega frambuesa en presentación de 6 x 650 ml.,"Postre helado sabor frambuesa en pote de 650 ml, marca Delta.",helado|postre|pote,ACTUALIZAR
12518223,LA CREMERIA Hel Cnchy Tres Leches 6x1L N1 CL,Helado crunchy tres leches en presentación de 6 x 1 litro.,"Helado sabor tres leches en pote de 1 litro, marca La Cremería.",helado|pote,ACTUALIZAR
12518217,LA CREMERIA Hel Cookies&Cream 6x1L CL,Helado cookies and cream en presentación de 6 x 1 litro.,"Helado de leche sabor cookies and cream en pote de 1 L, marca La Cremería.",helado|cremoso|pote,ACTUALIZAR
12617515,LA CREMERIA Hel Dulce Framb 6x1L N1 CL,Helado dulce frambuesa en presentación de 6 x 1 litro.,"Helado sabor dulce de frambuesa en pote de 1 litro, marca La Cremería.",helado|pote|crema|postre,ACTUALIZAR
12518220,LA CREMERIA Hel Frambuesa Crunchy 6x1L CL,Helado frambuesa crunchy en presentación de 6 x 1 litro.,"Helado sabor frambuesa con trozos crujientes en pote de 1 L, marca La Cremería.",helado|cremoso|pote,ACTUALIZAR
12518222,LA CREMERIA Hel Fudge Brownie 6x1L N2,Helado fudge brownie en presentación de 6 x 1 litro.,"Helado de leche sabor chocolate con trozos de brownie en pote de 1L, marca La Cremeria.",helado|fudge brownie|pote,ACTUALIZAR
12518209,LA CREMERIA Hel PapayasCreamSpklN 6x1LCL,Helado papaya cream en presentación de 6 x 1 litro.,"Helado de papaya en tarrina de 1 litro, marca LA CREMERÍA.",helado|crema|tarrina,ACTUALIZAR
12518213,LA CREMERIA Hel Passion Fruta Mngo 6x1LCL,Helado passion fruta mango en presentación de 6 x 1 litro.,"Helado de leche sabor mango con salsa de maracuyá en pote de 1 litro, marca La Cremería.",helado|pote|cremoso,ACTUALIZAR
12373843,LA CREMERIA SAHNE NUSS PREMIUM Helado 6x900ml CL,Helado sahne nuss premium en presentación de 6 x 900 ml.,"Helado de leche sabor chocolate con almendras en pote de 900 ml, marca La Cremería.",helado|postre|pote,ACTUALIZAR
12522844,LITRO BANANA SPLIT,Helado banana split en presentación de 1 litro.,"Helado sabor banana split en pote de 1 litro, marca Savory.",helado|pote|banana split,ACTUALIZAR
12018425,LITRO CHIRI. ALEGRE,Helado chiri alegre en presentación de 1 litro.,"Helado sabor chirimoya en pote de 1 litro, marca Savory.",helado|chirimoya|pote,ACTUALIZAR
12112705,LITRO CHOCOLATE SUIZO,Helado de chocolate suizo en presentación de litro.,"Helado de leche sabor chocolate suizo en pote de 1 litro, marca Savory.",helado|pote de helado|chocolate suizo,ACTUALIZAR
12522852,LITRO CHOCOLATE Y LUCUMA,Helado de chocolate y lúcuma en presentación de litro.,"Helado sabor chocolate y lúcuma en pote de 1 litro, marca Savory.",helado|pote|cremoso,ACTUALIZAR
12465131,LITRO FRUTOS DEL BOSQUE CHOC SUIZO,Helado de frutos del bosque con chocolate suizo en litro.,"Helado sabor chocolate suizo y frutos del bosque en pote de 1 litro, marca Savory.",helado|pote|crema helada,ACTUALIZAR
12018358,LITRO PASAS AL RON,Helado de pasas al ron en presentación de litro.,"Helado sabor pasas al ron en pote de 1 litro, marca Savory.",helado|pote,ACTUALIZAR
12018359,LITRO PIÑA,Helado de piña en presentación de litro.,"Néctar de piña en botella de 1 litro, marca Watts Selección.",nectar de piña|jugo de piña|jugo|nectar,ACTUALIZAR
12581176,LITRO SAVORY 0% CHOCOLATE 6X1,Helado Savory 0% chocolate en presentación de litro.,"Helado sabor chocolate 0% azúcar en litro, marca Savory.",helado|postre congelado|pote de helado,ACTUALIZAR
12581175,LITRO SAVORY 0% FRAMBUESA 6X1,Helado Savory 0% frambuesa en presentación de litro.,"Helado de frambuesa sin azúcar en pote de 1 L, marca Savory.",helado|pote|crema|frambuesa,ACTUALIZAR
12581168,LITRO SAVORY 0% VAINILLA 6X1,Helado Savory 0% vainilla en presentación de litro.,"Helado sabor vainilla 0% azúcar en pote de 1 L, marca Savory.",helado|pote de helado|crema helada,ACTUALIZAR
12018322,LITRO TRES LECHES,Helado de tres leches en presentación de litro.,"Helado sabor tres leches en litro, marca San Francisco.",helado|pote|tarrina,ACTUALIZAR
12018423,LITRO VAINILLA,Helado de vainilla en presentación de litro.,"Helado de leche sabor vainilla en pote de 1 litro, marca Savory.",helado|pote de helado|cremoso|helado de vainilla,ACTUALIZAR
12567293,SAVORY FRUTOS DEL BOSQUE CHOC SUIZO 4*1.8L,Helado Savory de frutos del bosque chocolate suizo en 4 litros.,"Helado sabor chocolate suizo y frutos del bosque en pote de 1,8 L, marca Savory.",helado|pote|tarrina,ACTUALIZAR
12604347,SAVORY Helado Pina Colada 6x1L N2 CL,Helado Savory de piña colada en presentación de 6 litros.,"Helado sabor piña colada en pote de 1 litro, marca Savory.",helado|pote|cremoso,ACTUALIZAR
12602491,SAVORY MEGA Trio Chocolate 8x450ml CL,Helado Savory Mega Trio de chocolate en 8x450ml.,"Helado sabor chocolate en pote de 450 ml, marca Savory.",helado|pote,ACTUALIZAR
12602462,SAVORY MEGA Trio Dulce de Leche 8x450ml CL,Helado Savory Mega Trio de dulce de leche en 8x450ml.,"Helado sabor dulce de leche en pote de 450 ml, marca Savory.",helado|pote|tarrina,ACTUALIZAR
12602166,SAVORY MEGA Trio Frambuesa 8x450ml CL,Helado Savory Mega Trio de frambuesa en 8x450ml.,"Helado sabor frambuesa en pote de 450 ml, marca Savory.",helado|pote|frambuesa,ACTUALIZAR
12628414,AZUCAR TUBO RELKON 800x0.5gr,Azúcar en tubo de 800x0.5gr.,"Azúcar en tubo de 0,5 g, marca Relkon, presentación de 800 unidades.",azúcar en sobre|azúcar en tubo|sachet de azúcar,ACTUALIZAR
12622733,"KIT KAT CHOCOLATE POLVO NPRO 1,3KG",Chocolate en polvo Kit Kat de 1.3kg.,"Chocolate en polvo sabor Kit Kat en bolsa de 1,3 kg, marca Nestlé.",chocolate en polvo|polvo de chocolate|chocolate instantáneo,ACTUALIZAR
12612415,MANGA TAPA 14-16oz 40X50 UNI,"Manga tapa de 14-16oz, 40 unidades.","Manga tapa de 14 oz en paquete de 40 unidades, marca Nescafé.",manga|tapa|vaso,ACTUALIZAR
12612404,MANGA TAPA 9oz 40X50 UNI,"Manga tapa de 9oz, 40 unidades.","Manga tapa de 9 oz en bolsa de 40 unidades, marca Nescafé.",manga|tapa|bolsa|unidad,ACTUALIZAR
12600726,MANGA VASO 14oz 20X25 UNI,"Manga vaso de 14oz, 20 unidades.","Manga vaso de 14 oz en paquete de 25 unidades, marca Nescafé.",vaso desechable|manga desechable|vaso de plástico,ACTUALIZAR
12600831,MANGA VASO 16oz 20X25 UNI,"Vaso de café Nescafé de 16oz, ideal para bebidas calientes.","Manga vaso desechable de 16 oz, paquete de 20 unidades.",vaso desechable|vaso plástico|manga vaso,ACTUALIZAR
12600842,MANGA VASO 9oz 20X25 UNI,"Vaso de café Nescafé de 9oz, perfecto para porciones individuales.","Manga para vaso de 9 oz, 20 unidades, marca UNI.",manga|manga para vaso|vaso desechable,ACTUALIZAR
12427242,MILANO CACAO DULCE 1KG,"Chocolate en polvo Milano de 1kg, ideal para preparar bebidas.","Cacao dulce en polvo de 1 kg, marca Milano.",cacao|cacao en polvo|chocolate en polvo,ACTUALIZAR
12398428,MILO RTD LISTO BEBER RE TOP 1 KG,"Bebida Milo lista para beber, presentación de 1kg.","Bebida de chocolate en polvo lista para beber de 1 kg, marca Milo.",milo|bebida de chocolate|chocolate en polvo,ACTUALIZAR
12398204,NESCAFE ALEGRIA CAPPUCCINO TOP ORIGINAL 1 KG,"Café cappuccino Nescafé Alegría, sabor original, 1kg.","Café cappuccino en polvo sabor original de 1 kg, marca Nescafé Alegría.",café|cappuccino|café en polvo,ACTUALIZAR
12398205,NESCAFE ALEGRIA CAPPUCINO VAINILLA RE TOP 1KG,"Café cappuccino Nescafé Alegría, sabor vainilla, 1kg.","Café cappuccino sabor vainilla en polvo de 1 kg, marca Nescafé Alegría.",café|cappuccino|café en polvo,ACTUALIZAR
12399362,NESCAFE ALEGRIA MOKACCINO LATAM RE TOP 1KG,"Café mokaccino Nescafé Alegría, 1kg, sabor intenso.","Café soluble sabor mokaccino en bolsa de 1 kg, marca Nescafé Alegría.",café instantáneo|café en polvo|mokaccino,ACTUALIZAR
12338492,NESCAFE CAFE EN GRANO 1 KG,"Café en grano Nescafé, 1kg, ideal para moler al instante.","Café en grano de 1 kg, marca Nescafé.",café|grano de café|café en grano,ACTUALIZAR
12253697,NESCAFE TRADICIÓN RE TOP VEND 1 KG,"Café Nescafé Tradición, 1kg, sabor clásico y equilibrado.","Café instantáneo en polvo de 1 kg, marca Nescafé Tradición.",café instantáneo|café en polvo|café,ACTUALIZAR
12408774,PALETILLA MADERA 1000 U.,"Paletilla de madera Nescafé, 1000 unidades, para servir bebidas.",Paletilla de madera de 1000 unidades para uso en manualidades y artesanías.,palitos de madera|palitos|paletitas,ACTUALIZAR
12630816,SUCRALOSA RELKON 1000x0.5GR,"Sucralosa Relkon, 1000 sobres de 0.5gr, sin calorías.","Edulcorante en polvo sucralosa, marca Relkon, formato de 1000 sobres de 0.5 g.",edulcorante|sucralosa|azúcar sin calorías,ACTUALIZAR
H02029000075,ARROZ G2 LARGO FINO IANSA 6x500grs,"Arroz largo fino Iansa, 6 paquetes de 500grs cada uno.","Arroz largo fino en bolsa de 500 gr, marca Iansa, presentación de 6 unidades.",arroz|arroz largo|arroz fino,ACTUALIZAR
H02010000380,AZUCAR FLOR IANSA 20x500grs,"Azúcar Flor Iansa, 20 paquetes de 500grs cada uno.","Azúcar flor en bolsa de 500 gr, marca Iansa, paquete de 20 unidades.",azúcar|azúcar flor|azúcar en polvo,ACTUALIZAR
H02010000193,AZUCAR FLOR IANSA 25Kg,"Azúcar Flor Iansa, presentación de 25kg, ideal para uso industrial.",Azúcar granulada marca Iansa en bolsa de 25 kg.,azúcar|azúcar blanca|azúcar granulada,ACTUALIZAR
H02010000136,AZUCAR IANSA 10x1Kg,"Azúcar Iansa, 10 paquetes de 1kg cada uno.","Azúcar granulada en bolsa de 1 kg, marca Iansa, paquete de 10 unidades.",azúcar|azúcar blanca|azúcar granulada,ACTUALIZAR
H02010000265,AZUCAR IANSA 20x400grs,"Azúcar Iansa, 20 paquetes de 400grs cada uno.","Azúcar granulada en bolsa de 400 gr, marca Iansa.",azúcar|azúcar blanca|azúcar granulada,ACTUALIZAR
H02010000159,AZUCAR IANSA 25Kg,"Azúcar Iansa, presentación de 25kg, ideal para uso industrial.","Azúcar granulada en bolsa de 25 kg, marca Iansa.",azúcar|azúcar blanca|azúcar granulada,ACTUALIZAR
H02010000132,AZUCAR IANSA 5kg,"Azúcar Iansa, presentación de 5kg, ideal para uso doméstico.","Azúcar granulada en bolsa de 5 kg, marca Iansa.",azúcar|azúcar blanca|azúcar granulada,ACTUALIZAR
H02010000300,AZUCAR LA PATRONA 10x1Kg,"Azúcar La Patrona, 10 paquetes de 1kg cada uno.","Azúcar granulada en bolsa de 1 kg, marca La Patrona, paquete de 10 unidades.",azúcar|azúcar blanca|azúcar granulada,ACTUALIZAR
H02010000291,AZUCAR LA PATRONA 25Kg,"Azúcar La Patrona, presentación de 25kg, ideal para uso industrial.","Azúcar granulada en bolsa de 25 kg, marca La Patrona.",azúcar|azúcar blanca|azúcar granulada,ACTUALIZAR
H02010000344,AZUCAR RUBIA IANSA 18x500grs,"Azúcar rubia de caña, marca Iansa, en presentación de 500 gramos.","Azúcar rubia en bolsa de 500 gr, marca Iansa, presentación de 18 unidades.",azúcar morena|azúcar rubia|azúcar|bolsa de azúcar,ACTUALIZAR
H02010000375,CHANCACA IANSA 18x225grs,"Chancaca de caña, marca Iansa, en presentación de 225 gramos.","Chancaca en bloques de 225 gr, marca Iansa, caja de 18 unidades.",chancaca|panela|azúcar de caña,ACTUALIZAR
H02042110012,ENDULZANTE STEVIA SUCRALOSA IANSA CERO K 4x250ml,"Endulzante líquido de stevia, marca Iansa, en presentación de 250 ml.","Endulzante líquido a base de stevia y sucralosa, marca Iansa, formato 4x250 ml.",endulzante|edulcorante|stevia|sucralosa,ACTUALIZAR
H02041110015,ENDULZANTE SUCRALOSA IANSA CERO K 4x250ml,"Endulzante líquido de sucralosa, marca Iansa, en presentación de 250 ml.","Endulzante sucralosa en formato líquido de 250 ml, marca Iansa, paquete de 4 unidades.",endulzante|sucralosa|líquido endulzante,ACTUALIZAR
H02029000028,GARBANZO SIN PIEL 10x1 Kg,"Garbanzos sin piel, marca genérica, en presentación de 1 kg.","Garbanzos sin piel en bolsa de 1 kg, marca no especificada.",garbanzos|porotos|legumbres,ACTUALIZAR
H02029000023,GARBANZO TETRAPACK 12x390grs,"Garbanzos en tetrabrik, marca Iansa, en presentación de 390 gramos.","Garbanzos en tetrapack de 390 grs, presentación de 12 unidades.",garbanzos|pote de garbanzos|lata de garbanzos,ACTUALIZAR
H02041400036,IANSA CERO K ALULOSA SUCRALOSA 12x250grs,"Endulzante líquido de alulosa, marca Iansa, en presentación de 250 gramos.","Edulcorante en polvo a base de alulosa y sucralosa, marca IANSA, formato 12x250 grs.",edulcorante|azúcar sin calorías|endulzante,ACTUALIZAR
H02041100038,IANSA CERO K ALULOSA SUCRALOSA 4x250 ML,"Endulzante líquido de alulosa, marca Iansa, en presentación de 250 ml.","Edulcorante líquido a base de alulosa y sucralosa en envase de 250 ml, marca IANSA.",edulcorante|endulzante|azúcar sin calorías,ACTUALIZAR
H02041110018,IANSA CERO K ALULOSA SUCRALOSA 4x90ml,"Endulzante líquido de alulosa, marca Iansa, en presentación de 90 ml.","Edulcorante líquido a base de alulosa y sucralosa en envase de 4x90 ml, marca IANSA.",edulcorante|endulzante|líquido para endulzar,ACTUALIZAR
H02042110015,IANSA CERO K SACARINA SUCRALOSA 4x250ml,"Endulzante líquido de sacarina, marca Iansa, en presentación de 250 ml.","Edulcorante líquido a base de sacarina y sucralosa en envase de 250 ml, marca IANSA.",edulcorante|endulzante|sacarina|sucralosa,ACTUALIZAR
H02042110018,IANSA CERO K STEVIA SUCRALOSA 90ml,"Endulzante líquido de stevia, marca Iansa, en presentación de 90 ml.","Edulcorante líquido a base de stevia y sucralosa en envase de 90 ml, marca IANSA.",edulcorante|stevia|sucralosa,ACTUALIZAR
H02029000031,LENTEJAS 6MM 10x1KG,"Lentejas 6mm, marca genérica, en presentación de 1 kg.","Lentejas 6 mm en bolsa de 1 kg, marca no especificada.",lentejas|legumbres,ACTUALIZAR
H02029000033,POROTOS BLANCOS 10x1Kg,"Porotos blancos, marca genérica, en presentación de 1 kg.","Porotos blancos en bolsa de 1 kg, marca no especificada, paquete de 10 unidades.",porotos|frijoles|habichuelas,ACTUALIZAR
H02029000025,POROTOS BLANCOS TETRAPACK IANSA 12x390grs,"Porotos blancos en tetrabrik, marca Iansa, en presentación de 390 gramos.","Porotos blancos en tetrapack de 390 gr, marca Iansa.",porotos|frijoles|legumbres,ACTUALIZAR
H02029000082,PRIMAVERA DE QUINOA 10x220gr,"Primavera de quinoa, marca genérica, en presentación de 220 gramos.","Quinoa en bolsa de 220 gr, marca Primavera, paquete de 10 unidades.",quinoa|granos|cereal,ACTUALIZAR
H02029000087,SOFRITO CON AJO LISTO TETRA 12x340GR,"Sofrito con ajo listo, marca genérica, en presentación de 340 gramos.","Sofrito con ajo en envase tetra de 340 g, marca lista.",sofrito|salsa de ajo|salsa para cocinar,ACTUALIZAR
H02029000084,WOK ARROZ SALVAJE Y POROTOS ROJOS 10x220gr,"Wok de arroz salvaje y porotos rojos, marca genérica, en presentación de 220 gramos.",Wok de arroz salvaje y porotos rojos en caja de 10 unidades de 220 gr.,wok|arroz salvaje|porotos rojos|caja de arroz,ACTUALIZAR
H02029000083,WOK DE QUINOA ANDINA Y VEGETALES 10x220gr,"Wok de quinoa andina y vegetales, marca genérica, en presentación de 220 gramos.","Wok de quinoa andina con vegetales en bolsa de 220 gr, marca no especificada.",quinoa|vegetales|wok,ACTUALIZAR
10002006,HAMBURGUESA GARBANZO 30X100 GR,"Hamburguesa de garbanzo, marca genérica, en presentación de 100 gramos.","Hamburguesa de garbanzo en porciones de 100 gr, 30 unidades por caja.",hamburguesa de garbanzo|hamburguesa vegana|hamburguesa de legumbres,ACTUALIZAR
10002007,HAMBURGUESA LENTEJA 30X100,"Hamburguesa de lenteja, marca genérica, en presentación de 100 gramos.","Hamburguesa de lenteja en formato de 100 g, marca no especificada.",hamburguesa de lenteja|hamburguesa vegana|hamburguesa vegetal,ACTUALIZAR
